ID	NUMBER	GLOSS	CONCEPTICON_ID	CONCEPTICON_GLOSS	VALENCE_MEAN	AROUSAL_MEAN	FAMILIARITY_MEAN	CONCRETENESS_MEAN	FREQUENCY_LEXESP	SEMANTIC_CATEGORY
Ferre-2012-380-1	1	Abeja	665	BEE	3.34	6.79	6.32	8.52	3.57	animal
Ferre-2012-380-2	2	Abejorro			2.13	7.08	4.40	7.52	0.18	animal
Ferre-2012-380-3	3	Águila	1905	EAGLE	6.16	6.00	4.32	7.36	7.86	animal
Ferre-2012-380-4	4	Alce	1772	ELK	5.47	4.57	1.96	6.56	0.54	animal
Ferre-2012-380-5	5	Almeja	4156	CLAMS	4.92	3.42	4.24	6.72	0.54	animal
Ferre-2012-380-6	6	Anguila	1013	FRESHWATER EEL	3.76	5.55	3.00	7.44	1.43	animal
Ferre-2012-380-7	7	Ardilla	1628	SQUIRREL	6.76	4.47	3.12	8.64	8.04	animal
Ferre-2012-380-8	8	Asno	1862	DONKEY	5.32	4.53	3.32	6.88	3.93	animal
Ferre-2012-380-9	9	Atún	4164	TUNA	5.74	4.84	6.64	7.64	3.39	animal
Ferre-2012-380-10	10	Avestruz	3797	OSTRICH	5.26	4.50	3.92	8.48	2.32	animal
Ferre-2012-380-11	11	Babosa			2.13	5.08	3.44	6.76	0.36	animal
Ferre-2012-380-12	12	Ballena	957	WHALE	6.38	4.43	4.88	7.96	3.04	animal
Ferre-2012-380-13	13	Bisonte	3142	BISON	4.54	5.32	1.84	7.00	1.96	animal
Ferre-2012-380-14	14	Buey	1169	OX	5.00	4.00	2.04	7.96	3.93	animal
Ferre-2012-380-15	15	Búfalo	934	BUFFALO	4.21	5.39	2.76	8.28	3.93	animal
Ferre-2012-380-16	16	Buitre	1185	VULTURE	3.18	5.42	3.48	6.92	3.57	animal
Ferre-2012-380-17	17	Burro	1862	DONKEY	5.26	3.92	5.36	7.52	13.93	animal
Ferre-2012-380-18	18	Caimán	2438	CAIMAN	4.39	5.66	2.16	8.04	0.89	animal
Ferre-2012-380-19	19	Camaleón	1555	CHAMELEON	5.58	5.11	2.80	7.56	0.89	animal
Ferre-2012-380-20	20	Camello	1871	CAMEL	5.82	4.87	4.28	7.56	2.32	animal
Ferre-2012-380-21	21	Canario	4129	CANARY	6.05	4.34	3.96	6.44	5.54	animal
Ferre-2012-380-22	22	Cangrejo	2348	CRAB	5.16	3.97	5.24	8.00	1.43	animal
Ferre-2012-380-23	23	Canguro	164	KANGAROO	6.13	4.95	4.44	7.68	0.36	animal
Ferre-2012-380-24	24	Caracol	1543	SNAIL	5.05	3.21	5.00	7.88	5.36	animal
Ferre-2012-380-25	25	Cebra	3675	ZEBRA	5.71	5.03	4.16	7.52	0.89	animal
Ferre-2012-380-26	26	Chacal	3313	JACKAL	4.50	5.56	2.00	6.88	1.07	animal
Ferre-2012-380-27	27	Chimpancé	3734	CHIMPANZEE	6.24	5.89	4.28	7.88	4.82	animal
Ferre-2012-380-28	28	Chinche	1949	BEDBUG	2.51	5.91	2.56	6.88	0.36	animal
Ferre-2012-380-29	29	Ciervo	1936	DEER	6.53	4.87	3.24	7.32	1.79	animal
Ferre-2012-380-30	30	Cigüeña	3724	STORK	5.87	4.63	3.28	8.12	1.79	animal
Ferre-2012-380-31	31	Cisne	2837	SWAN	7.32	4.39	4.08	8.08	3.21	animal
Ferre-2012-380-32	32	Cochinilla			4.05	4.05	2.84	6.16	0.00	animal
Ferre-2012-380-33	33	Cocodrilo	1857	CROCODILE	4.63	6.61	4.52	7.88	3.21	animal
Ferre-2012-380-34	34	Colibrí	1589	HUMMINGBIRD	5.97	4.18	1.88	7.88	0.18	animal
Ferre-2012-380-35	35	Comadreja	3384	WEASEL	4.29	4.87	2.20	7.68	0.71	animal
Ferre-2012-380-36	36	Cotorra	882	PARROT	4.05	4.97	4.24	5.48	0.36	animal
Ferre-2012-380-37	37	Cuervo	2543	RAVEN	3.66	4.45	3.24	8.20	2.14	animal
Ferre-2012-380-38	38	Culebra	730	SNAKE	1.82	7.58	3.88	7.32	2.32	animal
Ferre-2012-380-39	39	Delfín	1479	DOLPHIN	7.74	5.21	3.80	8.44	4.46	animal
Ferre-2012-380-40	40	Dromedario	1871	CAMEL	5.32	3.55	2.88	7.76	0.18	animal
Ferre-2012-380-41	41	Elefante	1290	ELEPHANT	5.97	5.08	3.88	8.32	7.32	animal
Ferre-2012-380-42	42	Erizo	1797	HEDGEHOG	5.13	5.42	2.24	8.00	0.71	animal
Ferre-2012-380-43	43	Escarabajo	2242	BEETLE	3.37	4.55	3.36	7.52	1.43	animal
Ferre-2012-380-44	44	Faisán	3060	PHEASANT	5.19	4.32	2.56	7.84	0.71	animal
Ferre-2012-380-45	45	Foca	651	SEAL	5.95	5.00	2.88	7.00	2.86	animal
Ferre-2012-380-46	46	Gacela	5	GAZELLE	5.57	4.68	2.72	8.16	1.25	animal
Ferre-2012-380-47	47	Gallina	1514	HEN	4.58	4.61	4.64	6.92	13.04	animal
Ferre-2012-380-48	48	Ganso	1187	GOOSE	4.87	4.32	2.72	6.84	0.36	animal
Ferre-2012-380-49	49	Garrapata	1527	TICK	1.95	5.95	2.88	7.56	0.18	animal
Ferre-2012-380-50	50	Garza	758	HERON	4.86	4.46	2.56	7.40	1.25	animal
Ferre-2012-380-51	51	Gaviota	950	SEAGULL	5.00	5.03	4.36	7.92	2.50	animal
Ferre-2012-380-52	52	Golondrina	3077	SWALLOW (BIRD)	6.32	4.34	3.12	7.16	2.32	animal
Ferre-2012-380-53	53	Gorila	3144	GORILLA	5.47	5.89	3.84	8.04	5.00	animal
Ferre-2012-380-54	54	Gorrión	1854	SPARROW	5.71	4.37	3.32	7.56	0.89	animal
Ferre-2012-380-55	55	Grillo	2354	CRICKET	4.82	4.68	3.44	8.20	1.43	animal
Ferre-2012-380-56	56	Hámster	3147	HAMSTER	5.58	4.34	4.08	8.36	0.00	animal
Ferre-2012-380-57	57	Hiena	1799	HYENA	3.29	5.87	2.92	7.44	1.25	animal
Ferre-2012-380-58	58	Hipopótamo	3145	HIPPOPOTAMUS	5.50	5.05	2.16	8.24	0.54	animal
Ferre-2012-380-59	59	Hormiga	587	ANT	4.45	3.50	5.24	8.24	2.68	animal
Ferre-2012-380-60	60	Iguana	1578	IGUANA	4.16	5.18	4.08	8.28	0.54	animal
Ferre-2012-380-61	61	Jabalí	3154	WILD BOAR	4.00	5.82	3.52	8.36	3.04	animal
Ferre-2012-380-62	62	Jirafa	3089	GIRAFFE	6.21	4.66	3.56	8.52	1.07	animal
Ferre-2012-380-63	63	Koala	4172	KOALA	7.05	4.26	3.16	8.28	0.00	animal
Ferre-2012-380-64	64	Lagartija	632	LIZARD	4.61	4.84	4.44	8.28	0.54	animal
Ferre-2012-380-65	65	Lagarto	632	LIZARD	4.03	5.61	4.96	5.68	2.68	animal
Ferre-2012-380-66	66	Lechuza	735	OWL	5.24	4.29	2.40	8.04	0.89	animal
Ferre-2012-380-67	67	Leopardo	1139	LEOPARD	6.08	6.29	3.48	7.96	0.54	animal
Ferre-2012-380-68	68	Libélula	2352	DRAGONFLY	5.16	5.16	2.88	8.28	1.07	animal
Ferre-2012-380-69	69	Liebre	1190	HARE	5.61	4.68	4.16	7.40	5.00	animal
Ferre-2012-380-70	70	Lince	3314	LYNX	6.89	6.66	3.60	6.76	1.25	animal
Ferre-2012-380-71	71	Lobo	522	WOLF	4.82	6.82	4.40	7.68	15.18	animal
Ferre-2012-380-72	72	Lombriz	2350	EARTHWORM	3.00	4.68	2.36	7.72	0.71	animal
Ferre-2012-380-73	73	Loro	882	PARROT	6.47	5.16	4.67	7.52	5.54	animal
Ferre-2012-380-74	74	Luciérnaga	206	FIREFLY	5.59	5.05	3.00	8.24	0.54	animal
Ferre-2012-380-75	75	Mapache	828	RACCOON	5.53	4.95	2.80	7.40	0.36	animal
Ferre-2012-380-76	76	Medusa	4017	JELLYFISH	2.79	6.71	4.32	8.40	1.25	animal
Ferre-2012-380-77	77	Mejillón	2829	MUSSELS	5.34	3.58	4.36	7.76	3.21	animal
Ferre-2012-380-78	78	Mofeta	3888	SKUNK	3.68	5.55	3.04	7.54	0.36	animal
Ferre-2012-380-79	79	Mono	1350	MONKEY	6.34	5.68	4.24	6.28	18.21	animal
Ferre-2012-380-80	80	Morsa	4007	WALRUS	4.82	4.37	2.32	8.04	0.54	animal
Ferre-2012-380-81	81	Mosca	1504	FLY (INSECT)	2.92	5.29	7.72	7.40	10.71	animal
Ferre-2012-380-82	82	Murciélago	1793	BAT	3.58	5.42	4.32	8.04	3.04	animal
Ferre-2012-380-83	83	Nutria	15	OTTER	5.92	4.47	2.48	7.76	0.54	animal
Ferre-2012-380-84	84	Oca	1187	GOOSE	5.39	4.18	3.76	7.44	1.61	animal
Ferre-2012-380-85	85	Orangután			5.50	5.97	3.16	8.00	1.07	animal
Ferre-2012-380-86	86	Oso	1820	BEAR	5.61	5.24	4.72	7.64	11.43	animal
Ferre-2012-380-87	87	Ostra	2830	OYSTERS	3.87	3.74	3.08	7.48	1.43	animal
Ferre-2012-380-88	88	Oveja	1331	SHEEP	5.66	4.03	3.68	7.84	6.61	animal
Ferre-2012-380-89	89	Pantera			5.74	6.58	3.24	8.24	6.07	animal
Ferre-2012-380-90	90	Papagayo	882	PARROT	5.58	4.03	3.04	8.00	0.89	animal
Ferre-2012-380-91	91	Pato	1360	DUCK	6.24	3.76	4.76	7.80	4.82	animal
Ferre-2012-380-92	92	Pavo	2386	TURKEY	5.42	3.97	6.08	6.72	6.07	animal
Ferre-2012-380-93	93	Pelícano	472	PELICAN	5.66	4.82	2.56	7.32	0.36	animal
Ferre-2012-380-94	94	Perdiz	3681	PARTRIDGE	5.32	3.95	4.68	8.00	1.07	animal
Ferre-2012-380-95	95	Periquito	886	PARAKEET	5.92	4.32	4.76	6.88	0.00	animal
Ferre-2012-380-96	96	Pingüino	2831	PENGUIN	7.00	4.95	4.00	7.04	1.96	animal
Ferre-2012-380-97	97	Polilla	2828	MOTH	2.50	5.16	3.08	7.64	1.07	animal
Ferre-2012-380-98	98	Pulga	232	FLEA	2.29	5.63	3.76	7.24	1.79	animal
Ferre-2012-380-99	99	Pulpo	2581	OCTOPUS	4.84	4.32	5.68	7.72	1.61	animal
Ferre-2012-380-100	100	Ratón	1491	MOUSE	2.97	5.97	6.08	7.52	7.50	animal
Ferre-2012-380-101	101	Reno	1876	REINDEER	5.87	5.55	2.04	7.68	1.07	animal
Ferre-2012-380-102	102	Rinoceronte	2591	RHINOCEROS	5.32	6.13	3.96	8.52	0.71	animal
Ferre-2012-380-103	103	Ruiseñor	3723	NIGHTINGALE	6.53	4.58	2.24	7.24	0.89	animal
Ferre-2012-380-104	104	Salamandra			4.63	4.18	3.08	7.84	0.18	animal
Ferre-2012-380-105	105	Saltamontes	607	GRASSHOPPER	3.53	6.16	3.68	8.28	1.25	animal
Ferre-2012-380-106	106	Sanguijuela	2273	LEECH	1.76	6.03	2.08	7.40	0.36	animal
Ferre-2012-380-107	107	Sapo	894	TOAD	3.55	5.34	3.44	8.16	2.86	animal
Ferre-2012-380-108	108	Sepia	2814	CUTTLEFISH	5.39	4.11	6.04	7.12	1.96	animal
Ferre-2012-380-109	109	Tábano	3262	HORSEFLY	2.11	6.44	1.83	7.54	0.18	animal
Ferre-2012-380-110	110	Tarántula	3886	TARANTULA	2.11	7.55	2.60	8.40	0.36	animal
Ferre-2012-380-111	111	Tigre	846	TIGER	5.97	7.24	3.76	7.60	4.29	animal
Ferre-2012-380-112	112	Topo	1907	MOLE	4.84	4.71	2.96	7.28	2.14	animal
Ferre-2012-380-113	113	Toro	1008	BULL	3.42	7.00	4.76	7.84	13.21	animal
Ferre-2012-380-114	114	Tortuga	112	TURTLE	6.11	3.97	5.72	7.28	3.93	animal
Ferre-2012-380-115	115	Trucha	795	TROUT	4.79	4.08	2.92	7.24	1.43	animal
Ferre-2012-380-116	116	Tucán	308	TOUCAN	6.21	5.16	2.76	8.40	0.00	animal
Ferre-2012-380-117	117	Urraca	2039	MAGPIE	3.84	4.50	3.12	7.68	3.04	animal
Ferre-2012-380-118	118	Víbora	2654	VIPER	2.71	7.08	2.96	6.20	1.96	animal
Ferre-2012-380-119	119	Zorro	1312	FOX	5.63	5.92	3.21	7.79	4.82	animal
Ferre-2012-380-120	120	Abogado			4.66	5.03	5.72	7.20	39.82	people
Ferre-2012-380-121	121	Abuelo	1383	GRANDFATHER	8.08	5.42	7.46	7.64	83.21	people
Ferre-2012-380-122	122	Actriz			6.32	5.42	6.88	6.32	17.86	people
Ferre-2012-380-123	123	Albañil			4.42	4.03	4.96	7.84	3.93	people
Ferre-2012-380-124	124	Amante			6.74	7.37	6.20	6.40	33.39	people
Ferre-2012-380-125	125	Anciano	406	OLD MAN	5.89	4.84	6.16	7.20	20.89	people
Ferre-2012-380-126	126	Arqueólogo			6.08	4.53	4.72	7.24	1.96	people
Ferre-2012-380-127	127	Arquitecto			5.89	4.29	4.40	6.72	8.93	people
Ferre-2012-380-128	128	Artista			7.16	5.71	6.84	5.12	34.82	people
Ferre-2012-380-129	129	Atleta			6.13	5.79	5.92	6.44	8.57	people
Ferre-2012-380-130	130	Banquero			4.03	4.37	5.04	7.36	7.14	people
Ferre-2012-380-131	131	Barrendero			4.68	4.13	5.12	7.12	0.00	people
Ferre-2012-380-132	132	Basurero			3.00	3.66	4.72	6.75	1.25	people
Ferre-2012-380-133	133	Beato			4.29	3.24	3.52	6.16	1.07	people
Ferre-2012-380-134	134	Bombero			6.42	6.21	5.88	8.20	1.79	people
Ferre-2012-380-135	135	Bruja	824	WITCH	5.00	5.53	4.68	5.44	9.46	people
Ferre-2012-380-136	136	Caballero			6.66	5.26	4.20	5.52	33.93	people
Ferre-2012-380-137	137	Camarero			5.47	5.16	7.16	7.88	26.43	people
Ferre-2012-380-138	138	Camionero			4.13	3.95	4.88	7.56	2.14	people
Ferre-2012-380-139	139	Cantante	4173	SINGER	6.97	5.97	7.40	6.60	14.82	people
Ferre-2012-380-140	140	Carnicero	2569	BUTCHER	3.58	4.63	5.92	7.50	3.04	people
Ferre-2012-380-141	141	Carpintero	1042	CARPENTER	5.34	3.71	3.52	7.84	2.32	people
Ferre-2012-380-142	142	Cazador	1053	HUNTER	2.39	5.97	4.56	6.40	9.11	people
Ferre-2012-380-143	143	Chulo			2.89	5.95	6.00	3.68	5.71	people
Ferre-2012-380-144	144	Científico			6.55	5.37	5.76	5.96	59.11	people
Ferre-2012-380-145	145	Compañero			7.58	5.74	7.68	4.88	47.14	people
Ferre-2012-380-146	146	Compositor			6.55	4.95	4.32	5.64	1.79	people
Ferre-2012-380-147	147	Conde			4.47	4.03	2.80	6.76	33.93	people
Ferre-2012-380-148	148	Conserje			4.95	3.66	6.08	7.24	2.32	people
Ferre-2012-380-149	149	Contable			4.53	3.34	4.04	6.00	3.39	people
Ferre-2012-380-150	150	Criado	255	SERVANT	2.89	4.29	2.32	6.28	12.32	people
Ferre-2012-380-151	151	Dama	2471	LADY	6.37	5.00	3.44	4.32	36.96	people
Ferre-2012-380-152	152	Decorador			5.61	4.26	4.80	5.80	0.54	people
Ferre-2012-380-153	153	Delincuente	3875	CRIMINAL	2.05	6.47	5.20	5.72	6.96	people
Ferre-2012-380-154	154	Dictador			1.55	7.26	4.04	6.24	8.57	people
Ferre-2012-380-155	155	Director			4.61	5.08	7.64	6.24	133.21	people
Ferre-2012-380-156	156	Diseñador			6.63	5.34	4.72	5.40	4.29	people
Ferre-2012-380-157	157	Divorciado			3.61	4.76	6.12	7.32	1.79	people
Ferre-2012-380-158	158	Drogadicto			2.71	6.08	5.20	7.28	3.04	people
Ferre-2012-380-159	159	Ecologista			6.97	5.00	5.12	6.64	2.86	people
Ferre-2012-380-160	160	Educador			5.97	4.18	6.80	4.76	1.61	people
Ferre-2012-380-161	161	Encargado			4.71	3.79	5.08	4.52	28.04	people
Ferre-2012-380-162	162	Enemigo	1358	ENEMY	1.89	6.53	4.72	4.72	44.64	people
Ferre-2012-380-163	163	Escultor	914	SCULPTOR	6.03	4.37	3.92	7.16	9.11	people
Ferre-2012-380-164	164	Estafador			2.71	6.45	5.12	5.40	1.07	people
Ferre-2012-380-165	165	Fontanero			4.82	4.00	4.08	7.40	2.86	people
Ferre-2012-380-166	166	Futbolista			5.63	5.61	7.84	6.96	8.39	people
Ferre-2012-380-167	167	Gamberro			2.84	6.16	5.68	6.20	0.89	people
Ferre-2012-380-168	168	Ganador	4174	WINNER	7.97	7.32	6.08	5.32	9.29	people
Ferre-2012-380-169	169	Genio			6.84	5.87	4.68	3.88	21.25	people
Ferre-2012-380-170	170	Guardaespaldas			5.39	4.95	3.64	7.08	0.00	people
Ferre-2012-380-171	171	Guardia	1940	GUARD	4.45	5.45	6.00	5.25	43.21	people
Ferre-2012-380-172	172	Héroe	4175	HERO	6.82	5.74	4.88	3.76	29.82	people
Ferre-2012-380-173	173	Herrero	1001	BLACKSMITH	4.89	3.82	3.92	7.63	5.18	people
Ferre-2012-380-174	174	Hijo	1620	SON	7.22	6.16	7.67	7.00	224.46	people
Ferre-2012-380-175	175	Holgazán			3.71	3.76	3.20	5.67	0.00	people
Ferre-2012-380-176	176	Informático			5.21	4.18	6.44	6.96	5.00	people
Ferre-2012-380-177	177	Ingeniero			5.66	3.82	4.92	5.40	20.36	people
Ferre-2012-380-178	178	Investigador			6.08	5.16	5.40	6.28	14.11	people
Ferre-2012-380-179	179	Jardinero			5.95	3.79	4.88	7.48	7.50	people
Ferre-2012-380-180	180	Jefe	2930	BOSS	4.00	5.82	7.52	6.17	105.36	people
Ferre-2012-380-181	181	Jubilado			5.53	3.84	6.00	6.88	6.43	people
Ferre-2012-380-182	182	Juez	861	JUDGE	5.50	4.32	5.28	7.04	60.54	people
Ferre-2012-380-183	183	Leñador			4.87	4.47	3.36	7.88	0.54	people
Ferre-2012-380-184	184	Limpiador			4.37	3.37	4.72	5.16	0.54	people
Ferre-2012-380-185	185	Luchador			5.00	6.39	5.68	5.20	1.61	people
Ferre-2012-380-186	186	Madrastra	236	STEPMOTHER	3.76	4.24	3.16	6.80	4.46	people
Ferre-2012-380-187	187	Mago	2137	MAGICIAN	6.76	5.92	4.04	6.24	6.79	people
Ferre-2012-380-188	188	Mártir			2.68	5.87	3.32	5.08	6.07	people
Ferre-2012-380-189	189	Matemático			4.61	4.26	4.80	6.36	5.54	people
Ferre-2012-380-190	190	Mayordomo			4.74	3.74	3.08	7.68	8.75	people
Ferre-2012-380-191	191	Mecánico			4.79	4.11	6.40	7.84	12.50	people
Ferre-2012-380-192	192	Médico	597	PHYSICIAN	5.58	5.92	7.40	6.96	93.21	people
Ferre-2012-380-193	193	Mercader	1082	MERCHANT	4.84	4.32	2.60	5.33	2.14	people
Ferre-2012-380-194	194	Mercenario			3.14	6.17	1.92	5.48	0.71	people
Ferre-2012-380-195	195	Ministro	486	MINISTER	3.29	4.71	6.88	5.88	120.71	people
Ferre-2012-380-196	196	Misionero			6.63	5.26	2.80	6.00	1.79	people
Ferre-2012-380-197	197	Mudo	2320	MUTE PERSON	3.45	5.11	3.96	6.48	11.25	people
Ferre-2012-380-198	198	Músico			7.39	6.08	7.00	5.92	7.32	people
Ferre-2012-380-199	199	Nieto	1618	GRANDSON	6.45	5.24	5.96	7.84	14.64	people
Ferre-2012-380-200	200	Notario			4.34	4.13	4.32	7.48	11.43	people
Ferre-2012-380-201	201	Obispo			2.82	4.42	3.20	7.75	23.04	people
Ferre-2012-380-202	202	Panadero	2568	BAKER	6.00	3.89	6.32	7.84	4.29	people
Ferre-2012-380-203	203	Pastelero			6.97	4.55	4.56	7.04	1.25	people
Ferre-2012-380-204	204	Payaso	4020	CLOWN	5.50	5.74	5.64	6.72	4.11	people
Ferre-2012-380-205	205	Pedante			2.24	5.34	3.16	4.67	2.32	people
Ferre-2012-380-206	206	Pedófilo			1.53	7.16	4.12	6.96	0.00	people
Ferre-2012-380-207	207	Peón			4.68	4.08	3.20	5.68	4.64	people
Ferre-2012-380-208	208	Periodista			5.58	5.13	7.04	6.64	40.71	people
Ferre-2012-380-209	209	Pescador	1858	FISHERMAN	5.08	3.76	4.92	7.24	4.64	people
Ferre-2012-380-210	210	Pintor	4101	PAINTER	5.92	5.08	5.72	6.28	19.82	people
Ferre-2012-380-211	211	Pobre	3662	POOR PERSON	2.11	5.55	6.64	4.16	100.89	people
Ferre-2012-380-212	212	Policía	4176	OFFICER	4.50	5.79	6.76	7.28	120.36	people
Ferre-2012-380-213	213	Político			2.50	5.16	7.76	5.88	138.57	people
Ferre-2012-380-214	214	Presidente	899	PRESIDENT	3.63	4.87	7.84	6.25	251.25	people
Ferre-2012-380-215	215	Preso	1072	PRISONER	2.39	5.24	5.32	6.72	11.07	people
Ferre-2012-380-216	216	Primo	1643	COUSIN	7.37	5.29	6.72	6.12	17.32	people
Ferre-2012-380-217	217	Príncipe	2554	PRINCE (RULER)	4.79	5.00	6.40	6.04	23.57	people
Ferre-2012-380-218	218	Profesor	1038	TEACHER	5.03	5.74	8.56	6.68	78.04	people
Ferre-2012-380-219	219	Prostituta	1610	PROSTITUTE	3.50	5.05	5.12	6.88	3.21	people
Ferre-2012-380-220	220	Proxeneta			2.05	6.14	3.32	5.96	0.71	people
Ferre-2012-380-221	221	Psicópata			1.79	7.71	5.52	6.24	1.61	people
Ferre-2012-380-222	222	Psiquiatra			5.79	5.55	5.04	7.56	11.96	people
Ferre-2012-380-223	223	Rico	3661	RICH PERSON	5.92	5.42	7.40	4.80	30.89	people
Ferre-2012-380-224	224	Sacerdote	852	PRIEST	3.05	3.84	3.48	6.40	22.68	people
Ferre-2012-380-225	225	Sádico			1.68	6.42	4.08	4.92	1.96	people
Ferre-2012-380-226	226	Sastre	881	TAILOR	5.16	3.92	3.28	7.16	3.93	people
Ferre-2012-380-227	227	Secuestrador			1.45	7.87	3.80	6.40	0.89	people
Ferre-2012-380-228	228	Sepulturero			2.79	4.79	1.80	7.04	0.89	people
Ferre-2012-380-229	229	Soldado	1941	SOLDIER	3.37	5.97	5.24	6.16	23.93	people
Ferre-2012-380-230	230	Soltero			5.61	4.53	6.92	5.56	5.36	people
Ferre-2012-380-231	231	Submarinista			5.47	4.84	4.42	7.60	0.36	people
Ferre-2012-380-232	232	Suegra	1050	MOTHER-IN-LAW	4.82	5.66	6.20	7.60	5.18	people
Ferre-2012-380-233	233	Superdotado			5.84	4.50	5.20	6.60	2.50	people
Ferre-2012-380-234	234	Tirano			1.95	6.39	2.48	5.84	4.64	people
Ferre-2012-380-235	235	Torero			2.66	5.53	3.88	7.32	5.36	people
Ferre-2012-380-236	236	Torturador			1.21	7.29	3.04	5.60	1.25	people
Ferre-2012-380-237	237	Triunfador			7.03	6.21	4.48	4.21	2.50	people
Ferre-2012-380-238	238	Vago			2.87	4.21	6.56	4.76	10.00	people
Ferre-2012-380-239	239	Verdugo			1.92	5.58	2.76	6.08	5.36	people
Ferre-2012-380-240	240	Veterano			5.47	3.95	4.80	5.20	9.82	people
Ferre-2012-380-241	241	Veterinario			5.55	4.53	4.96	7.36	4.46	people
Ferre-2012-380-242	242	Violador			1.24	8.21	4.44	6.80	4.11	people
Ferre-2012-380-243	243	Viudo	1981	WIDOWER	2.08	4.32	3.88	7.60	5.00	people
Ferre-2012-380-244	244	Alambrada			2.79	5.39	2.38	6.68	0.36	object
Ferre-2012-380-245	245	Alambre			3.26	4.03	3.64	7.40	4.64	object
Ferre-2012-380-246	246	Alfombra	292	RUG	5.03	2.92	4.84	7.44	16.07	object
Ferre-2012-380-247	247	Alicates	4003	PLIERS	4.08	4.05	4.16	7.44	0.00	object
Ferre-2012-380-248	248	Ametralladora			1.45	7.32	3.60	6.84	0.08	object
Ferre-2012-380-249	249	Anillo	1374	RING	5.61	4.82	6.80	5.76	14.82	object
Ferre-2012-380-250	250	Antena			4.29	3.84	6.84	6.08	31.79	object
Ferre-2012-380-251	251	Archivador			4.66	4.05	5.80	7.16	0.71	object
Ferre-2012-380-252	252	Arco	994	BOW	4.84	4.05	4.08	6.20	22.86	object
Ferre-2012-380-253	253	Azada	284	HOE	4.00	4.89	1.92	7.32	0.71	object
Ferre-2012-380-254	254	Balancín			6.05	4.39	2.76	6.88	0.36	object
Ferre-2012-380-255	255	Bayoneta			2.89	5.97	1.84	5.71	1.07	object
Ferre-2012-380-256	256	Bengala			4.66	6.13	3.16	7.08	1.07	object
Ferre-2012-380-257	257	Bicicleta	747	BICYCLE	6.66	5.55	6.56	7.88	11.96	object
Ferre-2012-380-258	258	Billete			6.92	5.84	7.80	6.36	8.04	object
Ferre-2012-380-259	259	Bisturí			3.26	6.53	4.04	7.84	6.07	object
Ferre-2012-380-260	260	Bolígrafo	794	PEN	4.87	3.34	8.08	8.08	5.54	object
Ferre-2012-380-261	261	Bolsa	2468	BAG	4.53	3.79	7.88	5.40	40.36	object
Ferre-2012-380-262	262	Bota	585	BOOT	5.29	3.66	5.48	7.32	5.18	object
Ferre-2012-380-263	263	Brazalete	1754	BRACELET	5.84	3.55	5.20	7.52	2.86	object
Ferre-2012-380-264	264	Brújula	2606	COMPASS	5.11	4.00	3.84	7.84	2.50	object
Ferre-2012-380-265	265	Cadena	1627	CHAIN	4.03	4.21	6.64	6.56	58.39	object
Ferre-2012-380-266	266	Calcetín	1522	SOCK	4.61	3.61	7.40	8.52	1.43	object
Ferre-2012-380-267	267	Calculadora	4177	CALCULATOR	4.50	3.92	5.52	8.56	2.14	object
Ferre-2012-380-268	268	Calzoncillos			5.21	4.58	7.44	8.00	8.21	object
Ferre-2012-380-269	269	Camisa	1622	SHIRT	5.61	4.08	7.08	7.24	30.54	object
Ferre-2012-380-270	270	Camiseta			5.89	4.16	8.20	7.44	10.18	object
Ferre-2012-380-271	271	Cantimplora			5.66	4.24	3.56	8.24	1.61	object
Ferre-2012-380-272	272	Carpeta			4.42	3.84	8.48	6.88	6.79	object
Ferre-2012-380-273	273	Cartera			5.47	3.82	7.60	6.33	19.11	object
Ferre-2012-380-274	274	Cepillo	1821	BRUSH	4.89	3.24	7.56	5.32	5.18	object
Ferre-2012-380-275	275	Cerilla	1133	MATCH	4.63	4.18	5.72	7.67	3.57	object
Ferre-2012-380-276	276	Chaqueta	2770	JACKET	5.79	4.50	7.64	7.76	27.14	object
Ferre-2012-380-277	277	Cheque			6.21	5.68	4.84	6.84	4.11	object
Ferre-2012-380-278	278	Chincheta			3.92	4.89	4.56	8.28	0.18	object
Ferre-2012-380-279	279	Collar	1961	NECKLACE	5.89	4.66	6.40	6.92	6.25	object
Ferre-2012-380-280	280	Columpio	3101	SWING	6.76	5.39	5.04	7.44	1.79	object
Ferre-2012-380-281	281	Cometa	4032	KITE (TOY)	6.32	5.18	4.88	7.24	7.50	object
Ferre-2012-380-282	282	Contenedor			3.05	3.97	6.04	6.28	2.32	object
Ferre-2012-380-283	283	Corbata	3711	TIE (NOUN)	5.16	4.03	5.33	8.40	17.14	object
Ferre-2012-380-284	284	Cuadro	2624	FRAME	6.45	4.50	7.04	5.52	60.36	object
Ferre-2012-380-285	285	Cubo	4179	CUBE	4.71	3.47	6.20	6.00	6.07	object
Ferre-2012-380-286	286	Cuchara	1378	SPOON	4.76	4.16	7.60	8.40	3.75	object
Ferre-2012-380-287	287	Cuerda	1218	ROPE	4.42	4.11	5.16	6.80	18.21	object
Ferre-2012-380-288	288	Dardo			4.39	4.97	3.92	7.32	7.50	object
Ferre-2012-380-289	289	Desagüe			2.95	4.08	3.88	7.36	1.07	object
Ferre-2012-380-290	290	Desatascador			3.42	3.63	3.72	6.68	0.00	object
Ferre-2012-380-291	291	Destornillador	836	SCREWDRIVER	4.11	4.00	4.84	8.39	0.00	object
Ferre-2012-380-292	292	Diadema	330	HEADBAND	5.05	3.32	5.24	7.48	1.79	object
Ferre-2012-380-293	293	Diario	1298	NEWSPAPER	5.79	4.76	8.48	5.24	72.14	object
Ferre-2012-380-294	294	Enchufe			3.97	4.24	7.16	7.48	1.61	object
Ferre-2012-380-295	295	Escoba	245	BROOM	3.82	3.00	7.44	8.04	2.86	object
Ferre-2012-380-296	296	Escudo	1064	SHIELD	4.74	4.95	3.80	6.29	8.93	object
Ferre-2012-380-297	297	Espada	1535	SWORD	3.63	5.74	2.96	7.32	18.04	object
Ferre-2012-380-298	298	Esparadrapo			3.92	3.84	5.04	7.64	0.54	object
Ferre-2012-380-299	299	Esterilla			5.24	3.39	3.88	6.56	0.36	object
Ferre-2012-380-300	300	Fábrica	4180	FACTORY	3.61	4.03	5.64	5.08	27.68	object
Ferre-2012-380-301	301	Faja	772	BELT	3.68	3.84	3.96	7.04	2.32	object
Ferre-2012-380-302	302	Felpudo			4.45	3.08	2.96	6.64	0.36	object
Ferre-2012-380-303	303	Flecha	977	ARROW	3.76	5.50	4.64	6.08	4.46	object
Ferre-2012-380-304	304	Fregona			3.24	3.82	7.20	7.84	1.07	object
Ferre-2012-380-305	305	Gafas	2292	GLASSES	4.74	3.53	8.08	7.24	33.04	object
Ferre-2012-380-306	306	Globo	3083	BALLOON	5.92	4.47	5.28	6.64	10.18	object
Ferre-2012-380-307	307	Goma	4064	RUBBER	4.61	3.47	7.28	4.92	12.86	object
Ferre-2012-380-308	308	Góndola			7.16	4.71	1.96	7.24	1.07	object
Ferre-2012-380-309	309	Gorra	1288	CAP	4.82	3.24	5.28	7.09	7.68	object
Ferre-2012-380-310	310	Gorro	771	HAT	5.05	3.68	6.20	6.76	5.54	object
Ferre-2012-380-311	311	Grapadora			4.76	3.76	7.04	8.20	0.00	object
Ferre-2012-380-312	312	Guadaña	20	SCYTHE	2.69	6.14	1.63	7.21	0.89	object
Ferre-2012-380-313	313	Guantes	867	GLOVE	5.05	3.13	5.56	7.12	0.00	object
Ferre-2012-380-314	314	Hacha	677	AXE	2.76	6.03	2.80	7.24	6.25	object
Ferre-2012-380-315	315	Hamaca	2019	HAMMOCK	7.00	3.32	4.28	7.88	2.50	object
Ferre-2012-380-316	316	Impresora			4.55	4.05	8.16	7.72	0.89	object
Ferre-2012-380-317	317	Inyección	1805	INJECTION	2.05	7.00	5.00	6.64	6.96	object
Ferre-2012-380-318	318	Jeringa	4090	SYRINGE	2.00	6.95	3.56	6.40	1.07	object
Ferre-2012-380-319	319	Ladrillo	1006	BRICK	4.24	3.32	4.96	6.60	8.04	object
Ferre-2012-380-320	320	Lancha	1844	BOAT	6.16	5.89	3.20	7.12	1.96	object
Ferre-2012-380-321	321	Lanza	945	SPEAR	3.89	5.61	2.92	6.24	16.79	object
Ferre-2012-380-322	322	Látigo	2630	WHIP	3.05	5.82	3.32	7.72	4.46	object
Ferre-2012-380-323	323	Libreta			5.16	4.45	7.24	6.96	3.57	object
Ferre-2012-380-324	324	Lija			3.42	4.05	2.44	6.12	0.71	object
Ferre-2012-380-325	325	Machete	2680	MACHETE	2.47	6.03	3.12	7.56	1.79	object
Ferre-2012-380-326	326	Mecedora	3999	ROCKING CHAIR	6.34	2.66	4.04	6.52	4.11	object
Ferre-2012-380-327	327	Mechero	3092	LIGHTER	3.92	5.08	7.08	8.20	3.93	object
Ferre-2012-380-328	328	Misil			1.55	6.79	3.60	7.80	5.00	object
Ferre-2012-380-329	329	Mochila			4.79	3.63	7.44	6.84	3.39	object
Ferre-2012-380-330	330	Monedero			5.53	4.42	7.32	7.32	1.25	object
Ferre-2012-380-331	331	Monitor			5.26	4.34	6.28	5.56	2.50	object
Ferre-2012-380-332	332	Motosierra			3.11	6.74	3.28	7.96	0.00	object
Ferre-2012-380-333	333	Navaja	3742	POCKETKNIFE	2.08	6.42	3.64	7.24	13.39	object
Ferre-2012-380-334	334	Novela			7.00	5.11	6.76	6.36	90.18	object
Ferre-2012-380-335	335	Nuclear			2.95	5.63	6.60	5.54	36.07	object
Ferre-2012-380-336	336	Palo	1295	STICK	4.21	3.95	5.12	5.60	18.39	object
Ferre-2012-380-337	337	Parchís			6.13	4.71	5.24	8.08	2.32	object
Ferre-2012-380-338	338	Patera			2.63	6.00	5.60	7.64	0.89	object
Ferre-2012-380-339	339	Patinete			5.71	5.11	3.52	6.84	0.18	object
Ferre-2012-380-340	340	Pegamento	1069	GLUE	4.39	3.66	4.76	7.40	1.61	object
Ferre-2012-380-341	341	Peine	1475	COMB	5.00	3.32	7.12	6.92	5.00	object
Ferre-2012-380-342	342	Pelota	1845	BALL	6.05	5.92	7.96	7.08	18.39	object
Ferre-2012-380-343	343	Peluche			7.47	4.16	4.80	6.56	2.14	object
Ferre-2012-380-344	344	Peonza	3996	TOP (TOY)	5.79	4.61	2.67	8.20	0.71	object
Ferre-2012-380-345	345	Piano	3994	PIANO (INSTRUMENT)	7.42	5.03	5.08	7.88	33.57	object
Ferre-2012-380-346	346	Piedra	857	STONE	4.61	3.79	5.76	7.56	64.46	object
Ferre-2012-380-347	347	Pijama			6.37	3.08	7.40	7.12	5.36	object
Ferre-2012-380-348	348	Pincho			3.11	5.63	3.84	5.04	1.61	object
Ferre-2012-380-349	349	Pinza	272	TONGS	4.71	3.68	6.92	6.16	1.96	object
Ferre-2012-380-350	350	Pizarra	3084	BLACKBOARD	4.63	3.71	7.32	7.28	5.00	object
Ferre-2012-380-351	351	Plancha	4031	IRON (PRESSING)	3.82	4.11	7.16	6.68	5.18	object
Ferre-2012-380-352	352	Plumero			4.42	3.47	5.28	6.42	0.71	object
Ferre-2012-380-353	353	Prótesis			2.42	4.34	3.68	5.68	7.14	object
Ferre-2012-380-354	354	Pulsera	1754	BRACELET	6.29	3.74	6.04	8.00	3.39	object
Ferre-2012-380-355	355	Puñal	4133	DAGGER	1.92	6.89	3.32	7.52	5.89	object
Ferre-2012-380-356	356	Puzle	4178	PUZZLE	6.08	5.32	4.28	7.68	0.00	object
Ferre-2012-380-357	357	Refinería			3.62	4.35	3.60	6.96	0.89	object
Ferre-2012-380-358	358	Retrete	219	TOILET	3.16	3.74	4.88	7.80	8.04	object
Ferre-2012-380-359	359	Rotulador			5.32	4.05	6.60	7.08	0.54	object
Ferre-2012-380-360	360	Sacapuntas			4.71	3.68	4.88	7.42	0.18	object
Ferre-2012-380-361	361	Saco	2468	BAG	4.39	3.29	5.08	6.28	21.79	object
Ferre-2012-380-362	362	Sierra	1948	SAW	3.71	5.05	3.12	6.76	14.82	object
Ferre-2012-380-363	363	Sofá	3099	SOFA	6.84	2.55	7.88	7.76	17.68	object
Ferre-2012-380-364	364	Sombrilla	3105	UMBRELLA	5.84	3.76	4.76	7.88	4.29	object
Ferre-2012-380-365	365	Soplete	1919	TORCH	3.76	4.84	3.92	7.40	2.50	object
Ferre-2012-380-366	366	Tabla	1227	BOARD	4.45	3.42	6.40	3.80	15.00	object
Ferre-2012-380-367	367	Tablón	1227	BOARD	4.76	3.66	3.64	4.72	2.68	object
Ferre-2012-380-368	368	Taladro	3423	DRILL	3.03	5.47	5.08	7.44	1.43	object
Ferre-2012-380-369	369	Teléfono	1379	TELEPHONE	6.47	6.03	8.58	7.04	80.18	object
Ferre-2012-380-370	370	Televisión	1788	TELEVISION	6.18	4.92	8.64	7.12	146.79	object
Ferre-2012-380-371	371	Tienda	752	STORE	6.24	5.11	7.92	4.92	29.64	object
Ferre-2012-380-372	372	Tirita			3.57	4.54	6.08	7.96	0.00	object
Ferre-2012-380-373	373	Toalla	1021	TOWEL	5.05	3.29	7.80	7.28	9.29	object
Ferre-2012-380-374	374	Tornillo	1802	SCREW	4.37	3.53	5.28	6.92	1.43	object
Ferre-2012-380-375	375	Traje			5.63	4.87	6.48	5.60	42.14	object
Ferre-2012-380-376	376	Trípode	2607	TRIPOD	4.58	3.82	3.64	6.56	1.79	object
Ferre-2012-380-377	377	Tuerca			4.34	3.47	4.08	6.40	0.71	object
Ferre-2012-380-378	378	Váter	219	TOILET	3.89	4.08	7.68	7.20	0.36	object
Ferre-2012-380-379	379	Vídeo			5.95	5.13	7.80	6.32	17.68	object
Ferre-2012-380-380	380	Zapato	1381	SHOE	6.16	4.79	8.32	6.72	13.04	object
