ID	NUMBER	CONCEPTICON_ID	CONCEPTICON_GLOSS	ENGLISH
Rzymski-2020-1647-1	1	10	FIREWOOD	FIREWOOD
Rzymski-2020-1647-2	2	100	FAITHFUL	FAITHFUL
Rzymski-2020-1647-3	3	1000	ANXIETY	ANXIETY
Rzymski-2020-1647-4	4	1001	BLACKSMITH	BLACKSMITH
Rzymski-2020-1647-5	5	1002	STATUE	STATUE
Rzymski-2020-1647-6	6	1003	PERMIT	PERMIT
Rzymski-2020-1647-7	7	1005	TWINS	TWINS
Rzymski-2020-1647-8	8	1006	BRICK	BRICK
Rzymski-2020-1647-9	9	1007	COW	COW
Rzymski-2020-1647-10	10	1008	BULL	BULL
Rzymski-2020-1647-11	11	101	BOAST	BOAST
Rzymski-2020-1647-12	12	1010	BOUNDARY	BOUNDARY
Rzymski-2020-1647-13	13	1011	BRIDGE	BRIDGE
Rzymski-2020-1647-14	14	1012	LATCH	LATCH
Rzymski-2020-1647-15	15	1014	OR	OR
Rzymski-2020-1647-16	16	1018	MEMORY	MEMORY
Rzymski-2020-1647-17	17	1019	RIGHT	RIGHT
Rzymski-2020-1647-18	18	102	COMMON COLD (DISEASE)	COMMON COLD (DISEASE)
Rzymski-2020-1647-19	19	1021	TOWEL	TOWEL
Rzymski-2020-1647-20	20	1025	WHISTLE	WHISTLE
Rzymski-2020-1647-21	21	1026	LOW TIDE	LOW TIDE
Rzymski-2020-1647-22	22	1029	JEWEL	JEWEL
Rzymski-2020-1647-23	23	1032	CITIZEN	CITIZEN
Rzymski-2020-1647-24	24	1033	GRIND	GRIND
Rzymski-2020-1647-25	25	1034	DEFENDANT	DEFENDANT
Rzymski-2020-1647-26	26	1035	GOOD	GOOD
Rzymski-2020-1647-27	27	1038	TEACHER	TEACHER
Rzymski-2020-1647-28	28	1039	SHOW	SHOW
Rzymski-2020-1647-29	29	1040	HAIR	HAIR
Rzymski-2020-1647-30	30	1041	INCREASE	INCREASE
Rzymski-2020-1647-31	31	1042	CARPENTER	CARPENTER
Rzymski-2020-1647-32	32	1043	BRAID	BRAID
Rzymski-2020-1647-33	33	1046	SHUT	SHUT
Rzymski-2020-1647-34	34	1047	PURSUE	PURSUE
Rzymski-2020-1647-35	35	1048	LINE	LINE
Rzymski-2020-1647-36	36	1049	MOLAR TOOTH	MOLAR TOOTH
Rzymski-2020-1647-37	37	1051	CAN	CAN
Rzymski-2020-1647-38	38	1052	LIGHT (WEIGHT)	LIGHT (WEIGHT)
Rzymski-2020-1647-39	39	1058	STEPDAUGHTER	STEPDAUGHTER
Rzymski-2020-1647-40	40	1059	STEPSON	STEPSON
Rzymski-2020-1647-41	41	1060	CHILD-IN-LAW	CHILD-IN-LAW
Rzymski-2020-1647-42	42	1061	ARMOUR	ARMOUR
Rzymski-2020-1647-43	43	1062	LAW	LAW
Rzymski-2020-1647-44	44	1063	NEPHEW	NEPHEW
Rzymski-2020-1647-45	45	1064	SHIELD	SHIELD
Rzymski-2020-1647-46	46	1065	SPIDER WEB	SPIDER WEB
Rzymski-2020-1647-47	47	1066	CRIME	CRIME
Rzymski-2020-1647-48	48	1067	JUDGMENT	JUDGMENT
Rzymski-2020-1647-49	49	1068	COURT	COURT
Rzymski-2020-1647-50	50	1069	GLUE	GLUE
Rzymski-2020-1647-51	51	107	OMEN	OMEN
Rzymski-2020-1647-52	52	1070	BUS	BUS
Rzymski-2020-1647-53	53	1071	HOOK	HOOK
Rzymski-2020-1647-54	54	1072	PRISONER	PRISONER
Rzymski-2020-1647-55	55	1074	FISHHOOK	FISHHOOK
Rzymski-2020-1647-56	56	1075	TRAP (PITFALL)	TRAP (PITFALL)
Rzymski-2020-1647-57	57	1076	EMERGE (APPEAR)	EMERGE (APPEAR)
Rzymski-2020-1647-58	58	1077	WHEAT	WHEAT
Rzymski-2020-1647-59	59	1079	FEEL	FEEL
Rzymski-2020-1647-60	60	108	RUDDER	RUDDER
Rzymski-2020-1647-61	61	1081	BILL	BILL
Rzymski-2020-1647-62	62	1084	CALL	CALL
Rzymski-2020-1647-63	63	1085	FOLLOW	FOLLOW
Rzymski-2020-1647-64	64	1086	WORK (ACTIVITY)	WORK (ACTIVITY)
Rzymski-2020-1647-65	65	1087	CONCEIVE	CONCEIVE
Rzymski-2020-1647-66	66	1088	SINK (DESCEND)	SINK (DESCEND)
Rzymski-2020-1647-67	67	109	FOREIGN	FOREIGN
Rzymski-2020-1647-68	68	1090	BE BORN	BE BORN
Rzymski-2020-1647-69	69	1091	SALTY	SALTY
Rzymski-2020-1647-70	70	1092	HOPE	HOPE
Rzymski-2020-1647-71	71	1093	MIDDLE	MIDDLE
Rzymski-2020-1647-72	72	1095	LET GO OR SET FREE	LET GO OR SET FREE
Rzymski-2020-1647-73	73	1096	SONG	SONG
Rzymski-2020-1647-74	74	1098	WEIGH	WEIGH
Rzymski-2020-1647-75	75	11	DARKNESS	DARKNESS
Rzymski-2020-1647-76	76	110	MOTOR	MOTOR
Rzymski-2020-1647-77	77	1100	COOK (SOMETHING)	COOK (SOMETHING)
Rzymski-2020-1647-78	78	1102	CLIMB	CLIMB
Rzymski-2020-1647-79	79	1103	SACRIFICE	SACRIFICE
Rzymski-2020-1647-80	80	1104	NURSE	NURSE
Rzymski-2020-1647-81	81	1106	FALL ASLEEP	FALL ASLEEP
Rzymski-2020-1647-82	82	1107	GO OUT	GO OUT
Rzymski-2020-1647-83	83	1109	WOUND	WOUND
Rzymski-2020-1647-84	84	1110	SHARK	SHARK
Rzymski-2020-1647-85	85	1111	CAR	CAR
Rzymski-2020-1647-86	86	1112	SUCCEED	SUCCEED
Rzymski-2020-1647-87	87	1113	WRAP	WRAP
Rzymski-2020-1647-88	88	1115	SPEECH	SPEECH
Rzymski-2020-1647-89	89	1116	DAMAGE	DAMAGE
Rzymski-2020-1647-90	90	1117	LIKE	LIKE
Rzymski-2020-1647-91	91	1119	DIVIDE	DIVIDE
Rzymski-2020-1647-92	92	112	TURTLE	TURTLE
Rzymski-2020-1647-93	93	1121	SECRET	SECRET
Rzymski-2020-1647-94	94	1122	WAGES	WAGES
Rzymski-2020-1647-95	95	1123	PREGNANT	PREGNANT
Rzymski-2020-1647-96	96	1126	CITRUS FRUIT	CITRUS FRUIT
Rzymski-2020-1647-97	97	1127	SEND	SEND
Rzymski-2020-1647-98	98	113	SHORE	SHORE
Rzymski-2020-1647-99	99	1130	WE (EXCLUSIVE)	WE (EXCLUSIVE)
Rzymski-2020-1647-100	100	1131	WE (INCLUSIVE)	WE (INCLUSIVE)
Rzymski-2020-1647-101	101	1132	BEAM	BEAM
Rzymski-2020-1647-102	102	1133	MATCH	MATCH
Rzymski-2020-1647-103	103	1134	DIVORCE	DIVORCE
Rzymski-2020-1647-104	104	1135	KICK	KICK
Rzymski-2020-1647-105	105	1136	RABBIT	RABBIT
Rzymski-2020-1647-106	106	1137	TENDON	TENDON
Rzymski-2020-1647-107	107	1141	PITY	PITY
Rzymski-2020-1647-108	108	1142	URINE	URINE
Rzymski-2020-1647-109	109	1143	OVEN	OVEN
Rzymski-2020-1647-110	110	1145	SWAMP	SWAMP
Rzymski-2020-1647-111	111	1148	BRUISE	BRUISE
Rzymski-2020-1647-112	112	1149	ORPHAN	ORPHAN
Rzymski-2020-1647-113	113	1150	THUNDER	THUNDER
Rzymski-2020-1647-114	114	1151	VEIL	VEIL
Rzymski-2020-1647-115	115	1152	BEGET	BEGET
Rzymski-2020-1647-116	116	1153	CATTLE	CATTLE
Rzymski-2020-1647-117	117	1155	CAVE	CAVE
Rzymski-2020-1647-118	118	1156	OPEN	OPEN
Rzymski-2020-1647-119	119	1157	BECAUSE	BECAUSE
Rzymski-2020-1647-120	120	1159	FART	FART
Rzymski-2020-1647-121	121	1160	THIEF	THIEF
Rzymski-2020-1647-122	122	1161	THREAD	THREAD
Rzymski-2020-1647-123	123	1162	INTENTION	INTENTION
Rzymski-2020-1647-124	124	1165	MOUSTACHE	MOUSTACHE
Rzymski-2020-1647-125	125	1169	OX	OX
Rzymski-2020-1647-126	126	117	IMITATE	IMITATE
Rzymski-2020-1647-127	127	1170	TRAP (CATCH)	TRAP (CATCH)
Rzymski-2020-1647-128	128	1171	MIRROR	MIRROR
Rzymski-2020-1647-129	129	1172	SHOOT	SHOOT
Rzymski-2020-1647-130	130	1173	EYEBROW	EYEBROW
Rzymski-2020-1647-131	131	1174	YESTERDAY	YESTERDAY
Rzymski-2020-1647-132	132	1175	GHOST	GHOST
Rzymski-2020-1647-133	133	1176	SPADE	SPADE
Rzymski-2020-1647-134	134	1178	NOSTRIL	NOSTRIL
Rzymski-2020-1647-135	135	1179	DAY AFTER TOMORROW	DAY AFTER TOMORROW
Rzymski-2020-1647-136	136	1180	DAY BEFORE YESTERDAY	DAY BEFORE YESTERDAY
Rzymski-2020-1647-137	137	1182	NOISE	NOISE
Rzymski-2020-1647-138	138	1183	PALM OF HAND	PALM OF HAND
Rzymski-2020-1647-139	139	1185	VULTURE	VULTURE
Rzymski-2020-1647-140	140	1186	LAST (ENDURE)	LAST (ENDURE)
Rzymski-2020-1647-141	141	1187	GOOSE	GOOSE
Rzymski-2020-1647-142	142	1188	CHARCOAL	CHARCOAL
Rzymski-2020-1647-143	143	119	DIVE	DIVE
Rzymski-2020-1647-144	144	1190	HARE	HARE
Rzymski-2020-1647-145	145	1191	COOKED RICE	COOKED RICE
Rzymski-2020-1647-146	146	1192	THREATEN	THREATEN
Rzymski-2020-1647-147	147	1193	STEAM	STEAM
Rzymski-2020-1647-148	148	1198	MANY	MANY
Rzymski-2020-1647-149	149	1199	WIFE	WIFE
Rzymski-2020-1647-150	150	12	MIDDAY	MIDDAY
Rzymski-2020-1647-151	151	1200	HUSBAND	HUSBAND
Rzymski-2020-1647-152	152	1201	FEATHER	FEATHER
Rzymski-2020-1647-153	153	1202	BIG	BIG
Rzymski-2020-1647-154	154	1203	LONG	LONG
Rzymski-2020-1647-155	155	1204	BARK	BARK
Rzymski-2020-1647-156	156	1205	TONGUE	TONGUE
Rzymski-2020-1647-157	157	1207	YOUNG	YOUNG
Rzymski-2020-1647-158	158	1208	CAT	CAT
Rzymski-2020-1647-159	159	1209	I	I
Rzymski-2020-1647-160	160	121	SPIN	SPIN
Rzymski-2020-1647-161	161	1210	HEAVY	HEAVY
Rzymski-2020-1647-162	162	1211	HE	HE
Rzymski-2020-1647-163	163	1212	WE	WE
Rzymski-2020-1647-164	164	1213	YOU	YOU
Rzymski-2020-1647-165	165	1214	THIS	THIS
Rzymski-2020-1647-166	166	1215	THOU	THOU
Rzymski-2020-1647-167	167	1216	MOTHER	MOTHER
Rzymski-2020-1647-168	168	1217	FATHER	FATHER
Rzymski-2020-1647-169	169	1218	ROPE	ROPE
Rzymski-2020-1647-170	170	1219	WORM	WORM
Rzymski-2020-1647-171	171	122	CART	CART
Rzymski-2020-1647-172	172	1220	TAIL	TAIL
Rzymski-2020-1647-173	173	1221	NOSE	NOSE
Rzymski-2020-1647-174	174	1222	PENIS	PENIS
Rzymski-2020-1647-175	175	1223	HEART	HEART
Rzymski-2020-1647-176	176	1224	LIVER	LIVER
Rzymski-2020-1647-177	177	1225	DAY (NOT NIGHT)	DAY (NOT NIGHT)
Rzymski-2020-1647-178	178	1226	YEAR	YEAR
Rzymski-2020-1647-179	179	1227	BOARD	BOARD
Rzymski-2020-1647-180	180	1228	EARTH (SOIL)	EARTH (SOIL)
Rzymski-2020-1647-181	181	1229	OLD	OLD
Rzymski-2020-1647-182	182	123	FOREHEAD	FOREHEAD
Rzymski-2020-1647-183	183	1230	DIRTY	DIRTY
Rzymski-2020-1647-184	184	1231	NEW	NEW
Rzymski-2020-1647-185	185	1232	WARM	WARM
Rzymski-2020-1647-186	186	1233	NIGHT	NIGHT
Rzymski-2020-1647-187	187	1234	SMOOTH	SMOOTH
Rzymski-2020-1647-188	188	1235	WHO	WHO
Rzymski-2020-1647-189	189	1236	WHAT	WHAT
Rzymski-2020-1647-190	190	1237	WHERE	WHERE
Rzymski-2020-1647-191	191	1238	WHEN	WHEN
Rzymski-2020-1647-192	192	1239	HOW	HOW
Rzymski-2020-1647-193	193	1240	NOT	NOT
Rzymski-2020-1647-194	194	1241	SOME	SOME
Rzymski-2020-1647-195	195	1242	FEW	FEW
Rzymski-2020-1647-196	196	1243	WIDE	WIDE
Rzymski-2020-1647-197	197	1244	THICK	THICK
Rzymski-2020-1647-198	198	1245	BUTTER	BUTTER
Rzymski-2020-1647-199	199	1246	SMALL	SMALL
Rzymski-2020-1647-200	200	1247	EAR	EAR
Rzymski-2020-1647-201	201	1248	EYE	EYE
Rzymski-2020-1647-202	202	1250	JAGUAR	JAGUAR
Rzymski-2020-1647-203	203	1251	BELLY	BELLY
Rzymski-2020-1647-204	204	1252	HOUSE	HOUSE
Rzymski-2020-1647-205	205	1253	RAIN (RAINING)	RAIN (RAINING)
Rzymski-2020-1647-206	206	1256	HEAD	HEAD
Rzymski-2020-1647-207	207	1257	WING	WING
Rzymski-2020-1647-208	208	1258	FINGERNAIL	FINGERNAIL
Rzymski-2020-1647-209	209	1259	WEDDING	WEDDING
Rzymski-2020-1647-210	210	1260	DAY (24 HOURS)	DAY (24 HOURS)
Rzymski-2020-1647-211	211	1261	SING	SING
Rzymski-2020-1647-212	212	1262	BROTHER	BROTHER
Rzymski-2020-1647-213	213	1263	SISTER	SISTER
Rzymski-2020-1647-214	214	1264	CHANGE	CHANGE
Rzymski-2020-1647-215	215	1265	HIGH	HIGH
Rzymski-2020-1647-216	216	1267	NARROW	NARROW
Rzymski-2020-1647-217	217	1268	YES	YES
Rzymski-2020-1647-218	218	1269	NO	NO
Rzymski-2020-1647-219	219	127	EXTINGUISH	EXTINGUISH
Rzymski-2020-1647-220	220	1270	WHY	WHY
Rzymski-2020-1647-221	221	1272	AUNT	AUNT
Rzymski-2020-1647-222	222	1273	CANDLE	CANDLE
Rzymski-2020-1647-223	223	1274	SALT	SALT
Rzymski-2020-1647-224	224	1275	ANSWER	ANSWER
Rzymski-2020-1647-225	225	1276	AUTUMN	AUTUMN
Rzymski-2020-1647-226	226	1277	HAND	HAND
Rzymski-2020-1647-227	227	1278	VOMIT	VOMIT
Rzymski-2020-1647-228	228	1279	FAT (OBESE)	FAT (OBESE)
Rzymski-2020-1647-229	229	128	MUMBLE	MUMBLE
Rzymski-2020-1647-230	230	1280	FALL	FALL
Rzymski-2020-1647-231	231	1281	PRISON	PRISON
Rzymski-2020-1647-232	232	1283	TODAY	TODAY
Rzymski-2020-1647-233	233	1286	HOT	HOT
Rzymski-2020-1647-234	234	1287	COLD	COLD
Rzymski-2020-1647-235	235	1289	BABY	BABY
Rzymski-2020-1647-236	236	129	CHOKE	CHOKE
Rzymski-2020-1647-237	237	1291	BACK	BACK
Rzymski-2020-1647-238	238	1292	BAD	BAD
Rzymski-2020-1647-239	239	1293	MISTAKE	MISTAKE
Rzymski-2020-1647-240	240	1294	ZERO	ZERO
Rzymski-2020-1647-241	241	1295	STICK	STICK
Rzymski-2020-1647-242	242	1296	WALKING STICK	WALKING STICK
Rzymski-2020-1647-243	243	1297	LEG	LEG
Rzymski-2020-1647-244	244	13	DECEIT	DECEIT
Rzymski-2020-1647-245	245	1300	COUNTRY	COUNTRY
Rzymski-2020-1647-246	246	1301	FOOT	FOOT
Rzymski-2020-1647-247	247	1302	FORK	FORK
Rzymski-2020-1647-248	248	1303	FINGER	FINGER
Rzymski-2020-1647-249	249	1304	CHILD (YOUNG HUMAN)	CHILD (YOUNG HUMAN)
Rzymski-2020-1647-250	250	1305	CHIMNEY	CHIMNEY
Rzymski-2020-1647-251	251	1306	QUEEN	QUEEN
Rzymski-2020-1647-252	252	1307	LANGUAGE	LANGUAGE
Rzymski-2020-1647-253	253	1308	DOUBT	DOUBT
Rzymski-2020-1647-254	254	1309	ASK (INQUIRE)	ASK (INQUIRE)
Rzymski-2020-1647-255	255	1310	CLEVER	CLEVER
Rzymski-2020-1647-256	256	1312	FOX	FOX
Rzymski-2020-1647-257	257	1313	MOON	MOON
Rzymski-2020-1647-258	258	1314	QUIET	QUIET
Rzymski-2020-1647-259	259	1316	TENT	TENT
Rzymski-2020-1647-260	260	1318	CHICKEN	CHICKEN
Rzymski-2020-1647-261	261	1321	BOTTLE	BOTTLE
Rzymski-2020-1647-262	262	1322	BREAKFAST	BREAKFAST
Rzymski-2020-1647-263	263	1323	CLOCK	CLOCK
Rzymski-2020-1647-264	264	1324	SLIP	SLIP
Rzymski-2020-1647-265	265	1325	FRIEND	FRIEND
Rzymski-2020-1647-266	266	1326	DOWN	DOWN
Rzymski-2020-1647-267	267	1327	UNCLE	UNCLE
Rzymski-2020-1647-268	268	1329	TOMORROW	TOMORROW
Rzymski-2020-1647-269	269	133	WEAVE	WEAVE
Rzymski-2020-1647-270	270	1330	DEFEND	DEFEND
Rzymski-2020-1647-271	271	1331	SHEEP	SHEEP
Rzymski-2020-1647-272	272	1332	NEIGHBOUR	NEIGHBOUR
Rzymski-2020-1647-273	273	1333	NECK	NECK
Rzymski-2020-1647-274	274	1334	GUTS	GUTS
Rzymski-2020-1647-275	275	1335	WHITE	WHITE
Rzymski-2020-1647-276	276	1336	EAT	EAT
Rzymski-2020-1647-277	277	1337	PIG	PIG
Rzymski-2020-1647-278	278	1338	PEACE	PEACE
Rzymski-2020-1647-279	279	1339	MORNING	MORNING
Rzymski-2020-1647-280	280	134	FAULT	FAULT
Rzymski-2020-1647-281	281	1340	WITH	WITH
Rzymski-2020-1647-282	282	1342	SUMMER	SUMMER
Rzymski-2020-1647-283	283	1343	SUN	SUN
Rzymski-2020-1647-284	284	1344	RAM	RAM
Rzymski-2020-1647-285	285	1345	EWE	EWE
Rzymski-2020-1647-286	286	1346	THROAT	THROAT
Rzymski-2020-1647-287	287	1347	NAPE (OF NECK)	NAPE (OF NECK)
Rzymski-2020-1647-288	288	1348	BOAR (MALE PIG)	BOAR
Rzymski-2020-1647-289	289	1349	CHURCH	CHURCH
Rzymski-2020-1647-290	290	1351	SOW (FEMALE PIG)	SOW (FEMALE PIG)
Rzymski-2020-1647-291	291	1352	KNIFE	KNIFE
Rzymski-2020-1647-292	292	1353	HOUR	HOUR
Rzymski-2020-1647-293	293	1354	NEXT	NEXT
Rzymski-2020-1647-294	294	1355	LAUGH	LAUGH
Rzymski-2020-1647-295	295	1356	NUMBER	NUMBER
Rzymski-2020-1647-296	296	1357	DAUGHTER	DAUGHTER
Rzymski-2020-1647-297	297	1359	SEPARATE	SEPARATE
Rzymski-2020-1647-298	298	136	HERE	HERE
Rzymski-2020-1647-299	299	1360	DUCK	DUCK
Rzymski-2020-1647-300	300	1361	TOOL	TOOL
Rzymski-2020-1647-301	301	1362	STREET	STREET
Rzymski-2020-1647-302	302	1363	VOICE	VOICE
Rzymski-2020-1647-303	303	1364	HEALTHY	HEALTHY
Rzymski-2020-1647-304	304	1366	BOY	BOY
Rzymski-2020-1647-305	305	1368	BREAD	BREAD
Rzymski-2020-1647-306	306	1369	GOLD	GOLD
Rzymski-2020-1647-307	307	1370	MONTH	MONTH
Rzymski-2020-1647-308	308	1371	KNEE	KNEE
Rzymski-2020-1647-309	309	1372	MEDICINE	MEDICINE
Rzymski-2020-1647-310	310	1374	RING	RING
Rzymski-2020-1647-311	311	1375	WINDOW	WINDOW
Rzymski-2020-1647-312	312	1376	NOW	NOW
Rzymski-2020-1647-313	313	1378	SPOON	SPOON
Rzymski-2020-1647-314	314	138	BATHE	BATHE
Rzymski-2020-1647-315	315	1380	TOOTH	TOOTH
Rzymski-2020-1647-316	316	1381	SHOE	SHOE
Rzymski-2020-1647-317	317	1382	NEEDLE (FOR SEWING)	NEEDLE (FOR SEWING)
Rzymski-2020-1647-318	318	1383	GRANDFATHER	GRANDFATHER
Rzymski-2020-1647-319	319	1384	SECOND	SECOND
Rzymski-2020-1647-320	320	1385	PEPPER	PEPPER
Rzymski-2020-1647-321	321	1387	ARRIVE	ARRIVE
Rzymski-2020-1647-322	322	1388	SHADE	SHADE
Rzymski-2020-1647-323	323	1389	TOE	TOE
Rzymski-2020-1647-324	324	1390	WRONG	WRONG
Rzymski-2020-1647-325	325	1391	TOWN	TOWN
Rzymski-2020-1647-326	326	1392	LOUSE	LOUSE
Rzymski-2020-1647-327	327	1393	HORN (ANATOMY)	HORN (ANATOMY)
Rzymski-2020-1647-328	328	1394	BONE	BONE
Rzymski-2020-1647-329	329	1395	ROUND	ROUND
Rzymski-2020-1647-330	330	1396	SHARP	SHARP
Rzymski-2020-1647-331	331	1398	DRY	DRY
Rzymski-2020-1647-332	332	1399	CLAY	CLAY
Rzymski-2020-1647-333	333	1400	THIN (SLIM)	THIN (SLIM)
Rzymski-2020-1647-334	334	1401	DRINK	DRINK
Rzymski-2020-1647-335	335	1402	BREAST	BREAST
Rzymski-2020-1647-336	336	1403	BITE	BITE
Rzymski-2020-1647-337	337	1404	STRAIGHT	STRAIGHT
Rzymski-2020-1647-338	338	1405	NAME	NAME
Rzymski-2020-1647-339	339	1406	FAR	FAR
Rzymski-2020-1647-340	340	1407	BREATHE	BREATHE
Rzymski-2020-1647-341	341	1408	HEAR	HEAR
Rzymski-2020-1647-342	342	1409	SEE	SEE
Rzymski-2020-1647-343	343	141	BURN (SOMETHING)	BURN (SOMETHING)
Rzymski-2020-1647-344	344	1410	KNOW (SOMETHING)	KNOW (SOMETHING)
Rzymski-2020-1647-345	345	1411	LIE (REST)	LIE (REST)
Rzymski-2020-1647-346	346	1413	PLAY	PLAY
Rzymski-2020-1647-347	347	1414	SQUEEZE	SQUEEZE
Rzymski-2020-1647-348	348	1415	THINK (REFLECT)	THINK (REFLECT)
Rzymski-2020-1647-349	349	1416	SIT	SIT
Rzymski-2020-1647-350	350	1417	KILL	KILL
Rzymski-2020-1647-351	351	1418	DIG	DIG
Rzymski-2020-1647-352	352	1419	FEAR (BE AFRAID)	FEAR (BE AFRAID)
Rzymski-2020-1647-353	353	142	RETURN HOME	RETURN HOME
Rzymski-2020-1647-354	354	1420	COUNT	COUNT
Rzymski-2020-1647-355	355	1421	SUCK	SUCK
Rzymski-2020-1647-356	356	1422	BE ALIVE	BE ALIVE
Rzymski-2020-1647-357	357	1423	FIGHT	FIGHT
Rzymski-2020-1647-358	358	1424	YELLOW	YELLOW
Rzymski-2020-1647-359	359	1425	GREEN	GREEN
Rzymski-2020-1647-360	360	1426	EXPENSIVE	EXPENSIVE
Rzymski-2020-1647-361	361	1427	BEAUTIFUL	BEAUTIFUL
Rzymski-2020-1647-362	362	1428	BURNING	BURNING
Rzymski-2020-1647-363	363	1429	FULL	FULL
Rzymski-2020-1647-364	364	1430	STAR	STAR
Rzymski-2020-1647-365	365	1431	FREEZE	FREEZE
Rzymski-2020-1647-366	366	1432	CUT	CUT
Rzymski-2020-1647-367	367	1433	HIT	HIT
Rzymski-2020-1647-368	368	1434	STAB	STAB
Rzymski-2020-1647-369	369	1435	HUNT	HUNT
Rzymski-2020-1647-370	370	1436	SCRATCH	SCRATCH
Rzymski-2020-1647-371	371	1437	SPLIT	SPLIT
Rzymski-2020-1647-372	372	1439	SWIM	SWIM
Rzymski-2020-1647-373	373	144	MACHINE	MACHINE
Rzymski-2020-1647-374	374	1440	SPIT	SPIT
Rzymski-2020-1647-375	375	1441	FLY (MOVE THROUGH AIR)	FLY (MOVE THROUGH AIR)
Rzymski-2020-1647-376	376	1442	STAND	STAND
Rzymski-2020-1647-377	377	1443	WALK	WALK
Rzymski-2020-1647-378	378	1444	TURN AROUND	TURN AROUND
Rzymski-2020-1647-379	379	1445	TURN (SOMETHING)	TURN (SOMETHING)
Rzymski-2020-1647-380	380	1446	COME	COME
Rzymski-2020-1647-381	381	1447	GIVE	GIVE
Rzymski-2020-1647-382	382	1448	HOLD	HOLD
Rzymski-2020-1647-383	383	1449	RUB	RUB
Rzymski-2020-1647-384	384	1450	ROOM	ROOM
Rzymski-2020-1647-385	385	1451	SMILE	SMILE
Rzymski-2020-1647-386	386	1452	PUSH	PUSH
Rzymski-2020-1647-387	387	1453	WASH	WASH
Rzymski-2020-1647-388	388	1454	WIPE	WIPE
Rzymski-2020-1647-389	389	1455	PULL	PULL
Rzymski-2020-1647-390	390	1456	THROW	THROW
Rzymski-2020-1647-391	391	1457	SEW	SEW
Rzymski-2020-1647-392	392	1458	SAY	SAY
Rzymski-2020-1647-393	393	1459	IF	IF
Rzymski-2020-1647-394	394	146	SUGAR CANE	SUGAR CANE
Rzymski-2020-1647-395	395	1460	IN	IN
Rzymski-2020-1647-396	396	1461	AT	AT
Rzymski-2020-1647-397	397	1462	POT	POT
Rzymski-2020-1647-398	398	1464	LADDER	LADDER
Rzymski-2020-1647-399	399	1467	CIRCLE	CIRCLE
Rzymski-2020-1647-400	400	1468	LOOK FOR	LOOK FOR
Rzymski-2020-1647-401	401	1469	WEEK	WEEK
Rzymski-2020-1647-402	402	1470	FOLD	FOLD
Rzymski-2020-1647-403	403	1471	WINTER	WINTER
Rzymski-2020-1647-404	404	1472	KEY	KEY
Rzymski-2020-1647-405	405	1474	SEA	SEA
Rzymski-2020-1647-406	406	1475	COMB	COMB
Rzymski-2020-1647-407	407	1476	CHAIR	CHAIR
Rzymski-2020-1647-408	408	1477	KEEP	KEEP
Rzymski-2020-1647-409	409	1478	WITHOUT	WITHOUT
Rzymski-2020-1647-410	410	1479	DOLPHIN	DOLPHIN
Rzymski-2020-1647-411	411	148	ITCH	ITCH
Rzymski-2020-1647-412	412	1480	BODY	BODY
Rzymski-2020-1647-413	413	1481	HAMMER	HAMMER
Rzymski-2020-1647-414	414	1482	SHOULDER	SHOULDER
Rzymski-2020-1647-415	415	1484	OIL (ORGANIC SUBSTANCE)	OIL (ORGANIC SUBSTANCE)
Rzymski-2020-1647-416	416	1485	BELOW OR UNDER	BELOW OR UNDER
Rzymski-2020-1647-417	417	1486	PLANT (SOMETHING)	PLANT (SOMETHING)
Rzymski-2020-1647-418	418	1487	POUR	POUR
Rzymski-2020-1647-419	419	1489	CLOUD	CLOUD
Rzymski-2020-1647-420	420	149	ITCHY	ITCHY
Rzymski-2020-1647-421	421	1490	RAT	RAT
Rzymski-2020-1647-422	422	1491	MOUSE	MOUSE
Rzymski-2020-1647-423	423	1493	ONE	ONE
Rzymski-2020-1647-424	424	1494	DIE	DIE
Rzymski-2020-1647-425	425	1495	HAPPY	HAPPY
Rzymski-2020-1647-426	426	1496	GRANDMOTHER	GRANDMOTHER
Rzymski-2020-1647-427	427	1497	POSTCARD	POSTCARD
Rzymski-2020-1647-428	428	1498	TWO	TWO
Rzymski-2020-1647-429	429	1500	FOUR	FOUR
Rzymski-2020-1647-430	430	1501	BORE	BORE
Rzymski-2020-1647-431	431	1502	GOAT	GOAT
Rzymski-2020-1647-432	432	1503	SALIVA	SALIVA
Rzymski-2020-1647-433	433	1504	FLY (INSECT)	FLY (INSECT)
Rzymski-2020-1647-434	434	1506	MEASURE	MEASURE
Rzymski-2020-1647-435	435	1507	FRUIT	FRUIT
Rzymski-2020-1647-436	436	1508	KING	KING
Rzymski-2020-1647-437	437	1509	MOSQUITO	MOSQUITO
Rzymski-2020-1647-438	438	151	RAZOR	RAZOR
Rzymski-2020-1647-439	439	1510	CHIN	CHIN
Rzymski-2020-1647-440	440	1511	ROOSTER	ROOSTER
Rzymski-2020-1647-441	441	1513	THINK (BELIEVE)	THINK (BELIEVE)
Rzymski-2020-1647-442	442	1514	HEN	HEN
Rzymski-2020-1647-443	443	1515	TEN	TEN
Rzymski-2020-1647-444	444	1517	WASP	WASP
Rzymski-2020-1647-445	445	1518	STUPID	STUPID
Rzymski-2020-1647-446	446	1519	RUN	RUN
Rzymski-2020-1647-447	447	1521	SEEM	SEEM
Rzymski-2020-1647-448	448	1523	FORGET	FORGET
Rzymski-2020-1647-449	449	1524	WINE	WINE
Rzymski-2020-1647-450	450	1525	COAST	COAST
Rzymski-2020-1647-451	451	1526	MEAL	MEAL
Rzymski-2020-1647-452	452	1528	FORGIVE	FORGIVE
Rzymski-2020-1647-453	453	1529	LAST (FINAL)	LAST (FINAL)
Rzymski-2020-1647-454	454	153	GREY	GREY
Rzymski-2020-1647-455	455	1530	BOWL	BOWL
Rzymski-2020-1647-456	456	1531	BRANCH	BRANCH
Rzymski-2020-1647-457	457	1533	BE HUNGRY	BE HUNGRY
Rzymski-2020-1647-458	458	1534	FEVER	FEVER
Rzymski-2020-1647-459	459	1535	SWORD	SWORD
Rzymski-2020-1647-460	460	1536	UNDERSTAND	UNDERSTAND
Rzymski-2020-1647-461	461	1537	SPRINGTIME	SPRINGTIME
Rzymski-2020-1647-462	462	1538	SCORPION	SCORPION
Rzymski-2020-1647-463	463	1539	BASKET	BASKET
Rzymski-2020-1647-464	464	154	UDDER	UDDER
Rzymski-2020-1647-465	465	1540	EYELASH	EYELASH
Rzymski-2020-1647-466	466	1541	CULTIVATE	CULTIVATE
Rzymski-2020-1647-467	467	1543	SNAIL	SNAIL
Rzymski-2020-1647-468	468	1544	SOMETIMES	SOMETIMES
Rzymski-2020-1647-469	469	1545	HOST	HOST
Rzymski-2020-1647-470	470	1546	TWICE	TWICE
Rzymski-2020-1647-471	471	1547	SOUP	SOUP
Rzymski-2020-1647-472	472	1548	UGLY	UGLY
Rzymski-2020-1647-473	473	155	CHOP	CHOP
Rzymski-2020-1647-474	474	1550	PREVENT	PREVENT
Rzymski-2020-1647-475	475	1553	MALE	MALE
Rzymski-2020-1647-476	476	1554	MAN	MAN
Rzymski-2020-1647-477	477	1556	YOLK	YOLK
Rzymski-2020-1647-478	478	1557	BEGINNING	BEGINNING
Rzymski-2020-1647-479	479	1558	SIMILAR	SIMILAR
Rzymski-2020-1647-480	480	1559	MONEY	MONEY
Rzymski-2020-1647-481	481	156	RED	RED
Rzymski-2020-1647-482	482	1560	FACE	FACE
Rzymski-2020-1647-483	483	1561	ARMY	ARMY
Rzymski-2020-1647-484	484	1562	MIND	MIND
Rzymski-2020-1647-485	485	1564	LAZY	LAZY
Rzymski-2020-1647-486	486	1565	HEAVEN	HEAVEN
Rzymski-2020-1647-487	487	1566	GUN	GUN
Rzymski-2020-1647-488	488	1567	DOOR	DOOR
Rzymski-2020-1647-489	489	157	DYE	DYE
Rzymski-2020-1647-490	490	1571	SELL	SELL
Rzymski-2020-1647-491	491	1572	SURPRISED	SURPRISED
Rzymski-2020-1647-492	492	1573	SWELL	SWELL
Rzymski-2020-1647-493	493	1574	FLOAT	FLOAT
Rzymski-2020-1647-494	494	1576	PILE UP	PILE UP
Rzymski-2020-1647-495	495	1577	AND	AND
Rzymski-2020-1647-496	496	1579	BE	BE
Rzymski-2020-1647-497	497	158	PUT ON	PUT ON
Rzymski-2020-1647-498	498	1580	ONLY	ONLY
Rzymski-2020-1647-499	499	1583	BRAIN	BRAIN
Rzymski-2020-1647-500	500	1584	BLISTER	BLISTER
Rzymski-2020-1647-501	501	1585	SLEEP	SLEEP
Rzymski-2020-1647-502	502	1586	SMELL (PERCEIVE)	SMELL (PERCEIVE)
Rzymski-2020-1647-503	503	1587	SMELL (STINK)	SMELL (STINK)
Rzymski-2020-1647-504	504	159	SWEET POTATO	SWEET POTATO
Rzymski-2020-1647-505	505	1590	WAIT (FOR)	WAIT (FOR)
Rzymski-2020-1647-506	506	1591	UP	UP
Rzymski-2020-1647-507	507	1592	CHEST	CHEST
Rzymski-2020-1647-508	508	1593	DEEP	DEEP
Rzymski-2020-1647-509	509	1594	FLOUR	FLOUR
Rzymski-2020-1647-510	510	1595	SOUTH	SOUTH
Rzymski-2020-1647-511	511	1596	LOCK	LOCK
Rzymski-2020-1647-512	512	1598	NORTH	NORTH
Rzymski-2020-1647-513	513	1599	WORD	WORD
Rzymski-2020-1647-514	514	160	SET (HEAVENLY BODIES)	SET (HEAVENLY BODIES)
Rzymski-2020-1647-515	515	1600	SKIRT	SKIRT
Rzymski-2020-1647-516	516	1601	WEAK	WEAK
Rzymski-2020-1647-517	517	1602	WAKE UP	WAKE UP
Rzymski-2020-1647-518	518	1603	MOSQUE	MOSQUE
Rzymski-2020-1647-519	519	1604	TEMPLES	TEMPLES
Rzymski-2020-1647-520	520	1605	SKULL	SKULL
Rzymski-2020-1647-521	521	1606	INSIDE	INSIDE
Rzymski-2020-1647-522	522	1607	HATE	HATE
Rzymski-2020-1647-523	523	1608	LISTEN	LISTEN
Rzymski-2020-1647-524	524	1609	IDEA	IDEA
Rzymski-2020-1647-525	525	161	MISS (A TARGET)	MISS (A TARGET)
Rzymski-2020-1647-526	526	1610	PROSTITUTE	PROSTITUTE
Rzymski-2020-1647-527	527	1611	INVITE	INVITE
Rzymski-2020-1647-528	528	1612	LETTER	LETTER
Rzymski-2020-1647-529	529	1613	COLOR	COLOR
Rzymski-2020-1647-530	530	1614	SUMMIT	SUMMIT
Rzymski-2020-1647-531	531	1615	ESCAPE	ESCAPE
Rzymski-2020-1647-532	532	1616	CLOTH	CLOTH
Rzymski-2020-1647-533	533	1617	GRANDCHILD	GRANDCHILD
Rzymski-2020-1647-534	534	1618	GRANDSON	GRANDSON
Rzymski-2020-1647-535	535	1619	GRANDDAUGHTER	GRANDDAUGHTER
Rzymski-2020-1647-536	536	1620	SON	SON
Rzymski-2020-1647-537	537	1621	SNEEZE	SNEEZE
Rzymski-2020-1647-538	538	1622	SHIRT	SHIRT
Rzymski-2020-1647-539	539	1623	SPEAK	SPEAK
Rzymski-2020-1647-540	540	1624	EMPTY	EMPTY
Rzymski-2020-1647-541	541	1625	DEAD	DEAD
Rzymski-2020-1647-542	542	1626	EXPLAIN	EXPLAIN
Rzymski-2020-1647-543	543	1627	CHAIN	CHAIN
Rzymski-2020-1647-544	544	1629	EVENING	EVENING
Rzymski-2020-1647-545	545	163	BLACK	BLACK
Rzymski-2020-1647-546	546	1631	FAST	FAST
Rzymski-2020-1647-547	547	1632	FLOOR	FLOOR
Rzymski-2020-1647-548	548	1633	FLAT	FLAT
Rzymski-2020-1647-549	549	1635	OBEY	OBEY
Rzymski-2020-1647-550	550	1638	TRUTH	TRUTH
Rzymski-2020-1647-551	551	1639	BEER	BEER
Rzymski-2020-1647-552	552	1640	SIBLING	SIBLING
Rzymski-2020-1647-553	553	1642	NIECE	NIECE
Rzymski-2020-1647-554	554	1643	COUSIN	COUSIN
Rzymski-2020-1647-555	555	1644	RELATIVES	RELATIVES
Rzymski-2020-1647-556	556	1645	SHORT	SHORT
Rzymski-2020-1647-557	557	1646	GIRL	GIRL
Rzymski-2020-1647-558	558	1647	FOAL	FOAL
Rzymski-2020-1647-559	559	1649	SIT DOWN	SIT DOWN
Rzymski-2020-1647-560	560	1650	WATCH	WATCH
Rzymski-2020-1647-561	561	1651	TEAR (OF EYE)	TEAR (OF EYE)
Rzymski-2020-1647-562	562	1653	BLIND	BLIND
Rzymski-2020-1647-563	563	1654	LIGHTNING	LIGHTNING
Rzymski-2020-1647-564	564	1656	NEVER	NEVER
Rzymski-2020-1647-565	565	1657	TRUE	TRUE
Rzymski-2020-1647-566	566	166	MAINLAND	MAINLAND
Rzymski-2020-1647-567	567	1662	CAPE	CAPE
Rzymski-2020-1647-568	568	1663	BED	BED
Rzymski-2020-1647-569	569	1664	RAFT	RAFT
Rzymski-2020-1647-570	570	1666	MUTE	MUTE
Rzymski-2020-1647-571	571	1667	HOLE	HOLE
Rzymski-2020-1647-572	572	1668	GRIEF	GRIEF
Rzymski-2020-1647-573	573	1669	ANCESTORS	ANCESTORS
Rzymski-2020-1647-574	574	167	MAIL	MAIL
Rzymski-2020-1647-575	575	1670	RAPIDS	RAPIDS
Rzymski-2020-1647-576	576	1671	TOWER	TOWER
Rzymski-2020-1647-577	577	1672	WRITE	WRITE
Rzymski-2020-1647-578	578	1673	ARM	ARM
Rzymski-2020-1647-579	579	1674	POOR	POOR
Rzymski-2020-1647-580	580	1675	PROMISE	PROMISE
Rzymski-2020-1647-581	581	1676	ALWAYS	ALWAYS
Rzymski-2020-1647-582	582	1678	HUT	HUT
Rzymski-2020-1647-583	583	1679	LOAD	LOAD
Rzymski-2020-1647-584	584	168	REST	REST
Rzymski-2020-1647-585	585	1680	HELMET	HELMET
Rzymski-2020-1647-586	586	1681	WAIST	WAIST
Rzymski-2020-1647-587	587	1682	GUILTY	GUILTY
Rzymski-2020-1647-588	588	1683	BUSH	BUSH
Rzymski-2020-1647-589	589	1685	AFTER	AFTER
Rzymski-2020-1647-590	590	1686	BEHIND	BEHIND
Rzymski-2020-1647-591	591	1687	PRAISE	PRAISE
Rzymski-2020-1647-592	592	1689	SMOKE (INHALE)	SMOKE (INHALE)
Rzymski-2020-1647-593	593	169	IT	IT
Rzymski-2020-1647-594	594	1690	FENCE	FENCE
Rzymski-2020-1647-595	595	1693	THURSDAY	THURSDAY
Rzymski-2020-1647-596	596	1694	WEDNESDAY	WEDNESDAY
Rzymski-2020-1647-597	597	1696	SURRENDER	SURRENDER
Rzymski-2020-1647-598	598	1699	SUNDAY	SUNDAY
Rzymski-2020-1647-599	599	17	EYELID	EYELID
Rzymski-2020-1647-600	600	170	FATHER'S SISTER	FATHER'S SISTER
Rzymski-2020-1647-601	601	1700	SATURDAY	SATURDAY
Rzymski-2020-1647-602	602	1702	HOLY	HOLY
Rzymski-2020-1647-603	603	1703	SIX	SIX
Rzymski-2020-1647-604	604	1704	SEVEN	SEVEN
Rzymski-2020-1647-605	605	171	MOTHER'S SISTER	MOTHER'S SISTER
Rzymski-2020-1647-606	606	1711	TELL	TELL
Rzymski-2020-1647-607	607	1712	OATH	OATH
Rzymski-2020-1647-608	608	1719	BURY	BURY
Rzymski-2020-1647-609	609	172	SHOULDERBLADE	SHOULDERBLADE
Rzymski-2020-1647-610	610	1723	RESULT IN	RESULT IN
Rzymski-2020-1647-611	611	1725	CORRECT (RIGHT)	CORRECT (RIGHT)
Rzymski-2020-1647-612	612	1726	WET	WET
Rzymski-2020-1647-613	613	1728	ROTTEN	ROTTEN
Rzymski-2020-1647-614	614	173	SIBLING'S CHILD	SIBLING'S CHILD
Rzymski-2020-1647-615	615	1730	CHEEK	CHEEK
Rzymski-2020-1647-616	616	1731	MORTAR BINDER	MORTAR BINDER
Rzymski-2020-1647-617	617	1732	SKY	SKY
Rzymski-2020-1647-618	618	1733	RAINBOW	RAINBOW
Rzymski-2020-1647-619	619	1735	TEAR (SHRED)	TEAR (SHRED)
Rzymski-2020-1647-620	620	174	PROUD	PROUD
Rzymski-2020-1647-621	621	1740	PINE	PINE
Rzymski-2020-1647-622	622	1741	ABOVE	ABOVE
Rzymski-2020-1647-623	623	1743	JOIN	JOIN
Rzymski-2020-1647-624	624	1744	SPLEEN	SPLEEN
Rzymski-2020-1647-625	625	1745	HIP	HIP
Rzymski-2020-1647-626	626	1747	CUSTOM	CUSTOM
Rzymski-2020-1647-627	627	1749	TAKE	TAKE
Rzymski-2020-1647-628	628	175	BLOW (OF WIND)	BLOW (OF WIND)
Rzymski-2020-1647-629	629	1750	CHOOSE	CHOOSE
Rzymski-2020-1647-630	630	1752	LEAVE	LEAVE
Rzymski-2020-1647-631	631	1753	TOP	TOP
Rzymski-2020-1647-632	632	1754	BRACELET	BRACELET
Rzymski-2020-1647-633	633	1756	WIDOW	WIDOW
Rzymski-2020-1647-634	634	1757	TIRED	TIRED
Rzymski-2020-1647-635	635	1758	OLDER SISTER	OLDER SISTER
Rzymski-2020-1647-636	636	1759	OLDER BROTHER	OLDER BROTHER
Rzymski-2020-1647-637	637	176	BLOW (WITH MOUTH)	BLOW (WITH MOUTH)
Rzymski-2020-1647-638	638	1760	YOUNGER BROTHER	YOUNGER BROTHER
Rzymski-2020-1647-639	639	1761	YOUNGER SISTER	YOUNGER SISTER
Rzymski-2020-1647-640	640	1763	CLUB	CLUB
Rzymski-2020-1647-641	641	1764	OBSCURE	OBSCURE
Rzymski-2020-1647-642	642	1766	FINISH	FINISH
Rzymski-2020-1647-643	643	1767	SCRAPE	SCRAPE
Rzymski-2020-1647-644	644	1768	FOAM	FOAM
Rzymski-2020-1647-645	645	1769	AXLE	AXLE
Rzymski-2020-1647-646	646	1770	CARCASS	CARCASS
Rzymski-2020-1647-647	647	1773	GRAVE	GRAVE
Rzymski-2020-1647-648	648	1774	STINGY	STINGY
Rzymski-2020-1647-649	649	1775	TABLE	TABLE
Rzymski-2020-1647-650	650	1778	APPROACH	APPROACH
Rzymski-2020-1647-651	651	1779	DARE	DARE
Rzymski-2020-1647-652	652	178	RIPE	RIPE
Rzymski-2020-1647-653	653	1781	THUMB	THUMB
Rzymski-2020-1647-654	654	1782	GUEST	GUEST
Rzymski-2020-1647-655	655	1783	PAIN	PAIN
Rzymski-2020-1647-656	656	1784	WANT	WANT
Rzymski-2020-1647-657	657	1785	HAVE SEX	HAVE SEX
Rzymski-2020-1647-658	658	1786	DRY UP	DRY UP
Rzymski-2020-1647-659	659	1787	LOOM	LOOM
Rzymski-2020-1647-660	660	1789	AGE	AGE
Rzymski-2020-1647-661	661	179	RIPEN	RIPEN
Rzymski-2020-1647-662	662	1792	PERJURY	PERJURY
Rzymski-2020-1647-663	663	1793	BAT	BAT
Rzymski-2020-1647-664	664	1794	FURROW	FURROW
Rzymski-2020-1647-665	665	18	EARLOBE	EARLOBE
Rzymski-2020-1647-666	666	180	CALL BY NAME	CALL BY NAME
Rzymski-2020-1647-667	667	1801	CHILD (DESCENDANT)	CHILD (DESCENDANT)
Rzymski-2020-1647-668	668	1803	WOOD	WOOD
Rzymski-2020-1647-669	669	1805	INJECTION	INJECTION
Rzymski-2020-1647-670	670	1806	BEGIN	BEGIN
Rzymski-2020-1647-671	671	1807	AFTERNOON	AFTERNOON
Rzymski-2020-1647-672	672	1808	PUS	PUS
Rzymski-2020-1647-673	673	1810	DANGER	DANGER
Rzymski-2020-1647-674	674	1811	SOUND OR NOISE	SOUND OR NOISE
Rzymski-2020-1647-675	675	1812	TRY	TRY
Rzymski-2020-1647-676	676	1813	TASTY	TASTY
Rzymski-2020-1647-677	677	1814	ACCUSE	ACCUSE
Rzymski-2020-1647-678	678	1815	ACHE	ACHE
Rzymski-2020-1647-679	679	1816	BESIDE	BESIDE
Rzymski-2020-1647-680	680	1817	WEST	WEST
Rzymski-2020-1647-681	681	1818	ADJUDICATE	ADJUDICATE
Rzymski-2020-1647-682	682	1819	LOOK	LOOK
Rzymski-2020-1647-683	683	1821	BRUSH	BRUSH
Rzymski-2020-1647-684	684	1823	BORROW	BORROW
Rzymski-2020-1647-685	685	1824	DEXTEROUS	DEXTEROUS
Rzymski-2020-1647-686	686	1825	COPPER	COPPER
Rzymski-2020-1647-687	687	1828	ASK (REQUEST)	ASK (REQUEST)
Rzymski-2020-1647-688	688	1829	JUMP	JUMP
Rzymski-2020-1647-689	689	183	BAKE	BAKE
Rzymski-2020-1647-690	690	1831	MEET	MEET
Rzymski-2020-1647-691	691	1833	DINNER (SUPPER)	DINNER (SUPPER)
Rzymski-2020-1647-692	692	1834	SHE	SHE
Rzymski-2020-1647-693	693	1836	VAGINA	VAGINA
Rzymski-2020-1647-694	694	1837	VULVA	VULVA
Rzymski-2020-1647-695	695	1839	CRY	CRY
Rzymski-2020-1647-696	696	184	MAST	MAST
Rzymski-2020-1647-697	697	1840	BUILD	BUILD
Rzymski-2020-1647-698	698	1841	SUSPECT	SUSPECT
Rzymski-2020-1647-699	699	1844	BOAT	BOAT
Rzymski-2020-1647-700	700	1845	BALL	BALL
Rzymski-2020-1647-701	701	1846	RULE	RULE
Rzymski-2020-1647-702	702	1847	SICK	SICK
Rzymski-2020-1647-703	703	1848	QUARREL	QUARREL
Rzymski-2020-1647-704	704	1849	ROW	ROW
Rzymski-2020-1647-705	705	185	FIREPLACE	FIREPLACE
Rzymski-2020-1647-706	706	1850	COTTON	COTTON
Rzymski-2020-1647-707	707	1851	POCKET	POCKET
Rzymski-2020-1647-708	708	1852	OFTEN	OFTEN
Rzymski-2020-1647-709	709	1856	SOFT	SOFT
Rzymski-2020-1647-710	710	1857	CROCODILE	CROCODILE
Rzymski-2020-1647-711	711	1859	THIRD	THIRD
Rzymski-2020-1647-712	712	186	SHIN	SHIN
Rzymski-2020-1647-713	713	1860	BEAD	BEAD
Rzymski-2020-1647-714	714	1862	DONKEY	DONKEY
Rzymski-2020-1647-715	715	1864	HUNGER	HUNGER
Rzymski-2020-1647-716	716	1866	STUTTER	STUTTER
Rzymski-2020-1647-717	717	1867	COIN	COIN
Rzymski-2020-1647-718	718	1868	VISIBLE	VISIBLE
Rzymski-2020-1647-719	719	1869	BUY	BUY
Rzymski-2020-1647-720	720	1870	ANCHOR	ANCHOR
Rzymski-2020-1647-721	721	1874	SAUSAGE	SAUSAGE
Rzymski-2020-1647-722	722	1875	REGRET	REGRET
Rzymski-2020-1647-723	723	1877	EAST	EAST
Rzymski-2020-1647-724	724	1879	DANCE	DANCE
Rzymski-2020-1647-725	725	1881	ENOUGH	ENOUGH
Rzymski-2020-1647-726	726	1882	BEFORE	BEFORE
Rzymski-2020-1647-727	727	1883	IN FRONT OF	IN FRONT OF
Rzymski-2020-1647-728	728	1884	HARD	HARD
Rzymski-2020-1647-729	729	1887	CHEAP	CHEAP
Rzymski-2020-1647-730	730	1888	PAIR	PAIR
Rzymski-2020-1647-731	731	1889	ARSON	ARSON
Rzymski-2020-1647-732	732	189	HAIR (BODY)	HAIR (BODY)
Rzymski-2020-1647-733	733	1890	BELIEVE	BELIEVE
Rzymski-2020-1647-734	734	1891	PUMA	PUMA
Rzymski-2020-1647-735	735	1892	TOUCH	TOUCH
Rzymski-2020-1647-736	736	1895	CLOTHES	CLOTHES
Rzymski-2020-1647-737	737	1896	FINGERNAIL OR TOENAIL	FINGERNAIL OR TOENAIL
Rzymski-2020-1647-738	738	1897	HELP	HELP
Rzymski-2020-1647-739	739	1898	SPECTACLES	SPECTACLES
Rzymski-2020-1647-740	740	1899	MAD	MAD
Rzymski-2020-1647-741	741	19	FISHING LINE	FISHING LINE
Rzymski-2020-1647-742	742	190	MOW	MOW
Rzymski-2020-1647-743	743	1901	SHOVEL	SHOVEL
Rzymski-2020-1647-744	744	1902	BETRAY	BETRAY
Rzymski-2020-1647-745	745	1903	SWELLING	SWELLING
Rzymski-2020-1647-746	746	1904	DROWN	DROWN
Rzymski-2020-1647-747	747	1905	EAGLE	EAGLE
Rzymski-2020-1647-748	748	1906	SOUR	SOUR
Rzymski-2020-1647-749	749	1909	SHAKE	SHAKE
Rzymski-2020-1647-750	750	191	NUT	NUT
Rzymski-2020-1647-751	751	1913	PRESS	PRESS
Rzymski-2020-1647-752	752	1914	DEBT	DEBT
Rzymski-2020-1647-753	753	1915	FIR	FIR
Rzymski-2020-1647-754	754	1916	GILL	GILL
Rzymski-2020-1647-755	755	1917	TIE	TIE
Rzymski-2020-1647-756	756	192	CORNER	CORNER
Rzymski-2020-1647-757	757	1920	DREAM (SOMETHING)	DREAM (SOMETHING)
Rzymski-2020-1647-758	758	1921	PLOUGH	PLOUGH
Rzymski-2020-1647-759	759	1922	LAND (DESCEND)	LAND (DESCEND)
Rzymski-2020-1647-760	760	1923	ROUGH	ROUGH
Rzymski-2020-1647-761	761	1924	VEIN	VEIN
Rzymski-2020-1647-762	762	1926	OINTMENT	OINTMENT
Rzymski-2020-1647-763	763	1927	BAMBOO	BAMBOO
Rzymski-2020-1647-764	764	1928	CEASE	CEASE
Rzymski-2020-1647-765	765	1929	STUDY	STUDY
Rzymski-2020-1647-766	766	193	SHALLOW	SHALLOW
Rzymski-2020-1647-767	767	1931	BEESWAX	BEESWAX
Rzymski-2020-1647-768	768	1932	GUESS	GUESS
Rzymski-2020-1647-769	769	1934	BEGGAR	BEGGAR
Rzymski-2020-1647-770	770	1936	DEER	DEER
Rzymski-2020-1647-771	771	1937	THERE	THERE
Rzymski-2020-1647-772	772	1938	FORTRESS	FORTRESS
Rzymski-2020-1647-773	773	1939	SWEAR	SWEAR
Rzymski-2020-1647-774	774	194	FAMILY	FAMILY
Rzymski-2020-1647-775	775	1940	GUARD	GUARD
Rzymski-2020-1647-776	776	1941	SOLDIER	SOLDIER
Rzymski-2020-1647-777	777	1942	NEAR	NEAR
Rzymski-2020-1647-778	778	1944	GOD	GOD
Rzymski-2020-1647-779	779	1945	IDOL	IDOL
Rzymski-2020-1647-780	780	1948	SAW	SAW
Rzymski-2020-1647-781	781	195	MAT	MAT
Rzymski-2020-1647-782	782	1950	BEECH	BEECH
Rzymski-2020-1647-783	783	1951	PASS	PASS
Rzymski-2020-1647-784	784	1954	GENTLE	GENTLE
Rzymski-2020-1647-785	785	1958	UNRIPE	UNRIPE
Rzymski-2020-1647-786	786	1959	RAW	RAW
Rzymski-2020-1647-787	787	196	DONATE	DONATE
Rzymski-2020-1647-788	788	1961	NECKLACE	NECKLACE
Rzymski-2020-1647-789	789	1962	ROAST (SOMETHING)	ROAST (SOMETHING)
Rzymski-2020-1647-790	790	1963	IMMEDIATELY	IMMEDIATELY
Rzymski-2020-1647-791	791	1964	ALONE	ALONE
Rzymski-2020-1647-792	792	1966	BUNCH	BUNCH
Rzymski-2020-1647-793	793	197	OTHER	OTHER
Rzymski-2020-1647-794	794	1970	CANOE	CANOE
Rzymski-2020-1647-795	795	1971	FAN (OBJECT)	FAN (OBJECT)
Rzymski-2020-1647-796	796	1972	YOUNG GOAT (KID)	KID
Rzymski-2020-1647-797	797	1973	DEMON	DEMON
Rzymski-2020-1647-798	798	1974	CENTIPEDE	CENTIPEDE
Rzymski-2020-1647-799	799	1977	DEW	DEW
Rzymski-2020-1647-800	800	1979	CHISEL	CHISEL
Rzymski-2020-1647-801	801	1981	WIDOWER	WIDOWER
Rzymski-2020-1647-802	802	1984	MOTHER'S BROTHER	MOTHER'S BROTHER
Rzymski-2020-1647-803	803	1985	PATERNAL UNCLE (FATHER'S BROTHER)	FATHER'S BROTHER
Rzymski-2020-1647-804	804	1986	DISEASE	DISEASE
Rzymski-2020-1647-805	805	1989	CALF	CALF
Rzymski-2020-1647-806	806	199	FAMINE	FAMINE
Rzymski-2020-1647-807	807	1990	BECOME	BECOME
Rzymski-2020-1647-808	808	1991	INTESTINES	INTESTINES
Rzymski-2020-1647-809	809	1992	MORE	MORE
Rzymski-2020-1647-810	810	1994	COLLARBONE	COLLARBONE
Rzymski-2020-1647-811	811	1997	PRESERVE	PRESERVE
Rzymski-2020-1647-812	812	1998	COMMAND	COMMAND
Rzymski-2020-1647-813	813	2	DUST	DUST
Rzymski-2020-1647-814	814	200	SAME	SAME
Rzymski-2020-1647-815	815	2001	PAINTING	PAINTING
Rzymski-2020-1647-816	816	2002	DITCH	DITCH
Rzymski-2020-1647-817	817	2003	FLOW	FLOW
Rzymski-2020-1647-818	818	2004	BEND	BEND
Rzymski-2020-1647-819	819	2006	FILL	FILL
Rzymski-2020-1647-820	820	2007	BOLT (OF LIGHTNING)	BOLT (OF LIGHTNING)
Rzymski-2020-1647-821	821	2008	RESCUE	RESCUE
Rzymski-2020-1647-822	822	2009	DOG	DOG
Rzymski-2020-1647-823	823	2012	COLLAR	COLLAR
Rzymski-2020-1647-824	824	2013	BAIT	BAIT
Rzymski-2020-1647-825	825	2014	GO DOWN (DESCEND)	GO DOWN (DESCEND)
Rzymski-2020-1647-826	826	2017	MIX	MIX
Rzymski-2020-1647-827	827	2018	GREEDY	GREEDY
Rzymski-2020-1647-828	828	202	STRENGTH	STRENGTH
Rzymski-2020-1647-829	829	2022	ADMIT	ADMIT
Rzymski-2020-1647-830	830	2023	CROWD	CROWD
Rzymski-2020-1647-831	831	2026	RICE PLANT	RICE PLANT
Rzymski-2020-1647-832	832	203	MARRY	MARRY
Rzymski-2020-1647-833	833	2030	DRAG	DRAG
Rzymski-2020-1647-834	834	2034	FROST	FROST
Rzymski-2020-1647-835	835	204	AGAIN	AGAIN
Rzymski-2020-1647-836	836	205	TROUGH	TROUGH
Rzymski-2020-1647-837	837	2058	STOOL	STOOL
Rzymski-2020-1647-838	838	2060	STORY	STORY
Rzymski-2020-1647-839	839	2065	STEP (VERB)	STEP (VERB)
Rzymski-2020-1647-840	840	2070	COMB (VERB)	COMB (VERB)
Rzymski-2020-1647-841	841	208	NASAL MUCUS (SNOT)	NASAL MUCUS (SNOT)
Rzymski-2020-1647-842	842	2093	AFTERWARDS	AFTERWARDS
Rzymski-2020-1647-843	843	2094	DOWN OR BELOW	DOWN OR BELOW
Rzymski-2020-1647-844	844	2098	FOOT OR LEG	FOOT OR LEG
Rzymski-2020-1647-845	845	2099	CHILD	CHILD
Rzymski-2020-1647-846	846	21	TASTE (SOMETHING)	TASTE (SOMETHING)
Rzymski-2020-1647-847	847	210	LIFE	LIFE
Rzymski-2020-1647-848	848	2101	BE DEAD OR DIE	BE DEAD OR DIE
Rzymski-2020-1647-849	849	2102	BURN	BURN
Rzymski-2020-1647-850	850	2103	PAINFUL OR SICK	PAINFUL OR SICK
Rzymski-2020-1647-851	851	2105	FEMALE PERSON	FEMALE PERSON
Rzymski-2020-1647-852	852	2108	RAINING OR RAIN	RAINING OR RAIN
Rzymski-2020-1647-853	853	211	CAST	CAST
Rzymski-2020-1647-854	854	2110	WARM (OF WEATHER)	WARM (OF WEATHER)
Rzymski-2020-1647-855	855	2111	YOU TWO	YOU TWO
Rzymski-2020-1647-856	856	2112	OLD (AGED)	OLD (AGED)
Rzymski-2020-1647-857	857	2113	OLD (USED)	OLD (USED)
Rzymski-2020-1647-858	858	2118	MOUNTAIN OR HILL	MOUNTAIN OR HILL
Rzymski-2020-1647-859	859	212	FIELD	FIELD
Rzymski-2020-1647-860	860	2121	ARM OR HAND	ARM OR HAND
Rzymski-2020-1647-861	861	2125	STONE OR ROCK	STONE OR ROCK
Rzymski-2020-1647-862	862	2128	CLAW OR NAIL	CLAW OR NAIL
Rzymski-2020-1647-863	863	213	FIN	FIN
Rzymski-2020-1647-864	864	2130	HEADGEAR	HEADGEAR
Rzymski-2020-1647-865	865	2131	TORCH OR LAMP	TORCH OR LAMP
Rzymski-2020-1647-866	866	2133	STRIKE OR BEAT	STRIKE OR BEAT
Rzymski-2020-1647-867	867	2134	RAISE (BRING UP)	RAISE (A CHILD)
Rzymski-2020-1647-868	868	2135	TRADE OR BARTER	TRADE OR BARTER
Rzymski-2020-1647-869	869	2136	BRASS INSTRUMENT (HORN OR TRUMPET)	BRASS INSTRUMENT (HORN OR TRUMPET)
Rzymski-2020-1647-870	870	2137	MAGICIAN	MAGICIAN
Rzymski-2020-1647-871	871	214	STRETCH	STRETCH
Rzymski-2020-1647-872	872	2144	SPRING OR WELL	SPRING OR WELL
Rzymski-2020-1647-873	873	2146	ROAST OR FRY	ROAST OR FRY
Rzymski-2020-1647-874	874	2148	PICK	PICK
Rzymski-2020-1647-875	875	2149	CHOP (INTO PIECES)	CHOP (INTO PIECES)
Rzymski-2020-1647-876	876	215	LIE DOWN	LIE DOWN
Rzymski-2020-1647-877	877	2154	PLOUGH (INSTRUMENT)	PLOUGH (INSTRUMENT)
Rzymski-2020-1647-878	878	2157	FINE OR THIN	FINE OR THIN
Rzymski-2020-1647-879	879	2159	GROUND	GROUND
Rzymski-2020-1647-880	880	218	FINE (PENALTY)	FINE (PENALTY)
Rzymski-2020-1647-881	881	221	FIRE	FIRE
Rzymski-2020-1647-882	882	2214	AFFAIR	AFFAIR
Rzymski-2020-1647-883	883	223	THRESHING-FLOOR	THRESHING-FLOOR
Rzymski-2020-1647-884	884	2235	CLEAN (SOMETHING)	CLEAN (SOMETHING)
Rzymski-2020-1647-885	885	2238	KNOW HOW	KNOW OR BE ABLE
Rzymski-2020-1647-886	886	2239	DENSE	DENSE
Rzymski-2020-1647-887	887	224	MORTAR	MORTAR CRUSHER
Rzymski-2020-1647-888	888	2243	REPAIR	REPAIR
Rzymski-2020-1647-889	889	2249	THIN (OF SHAPE OF OBJECT)	THIN (OF SHAPE OF OBJECT)
Rzymski-2020-1647-890	890	225	PESTLE	PESTLE
Rzymski-2020-1647-891	891	2250	LEAF (LEAFLIKE OBJECT)	LEAF (LEAFLIKE OBJECT)
Rzymski-2020-1647-892	892	2252	PATH	PATH
Rzymski-2020-1647-893	893	2253	DRIP (EMIT LIQUID)	DRIP (EMIT LIQUID)
Rzymski-2020-1647-894	894	2254	FATHER-IN-LAW (OF WOMAN)	FATHER-IN-LAW (OF WOMAN)
Rzymski-2020-1647-895	895	2255	FATHER-IN-LAW (OF MAN)	FATHER-IN-LAW (OF MAN)
Rzymski-2020-1647-896	896	2256	MOTHER-IN-LAW (OF WOMAN)	MOTHER-IN-LAW (OF WOMAN)
Rzymski-2020-1647-897	897	2257	MOTHER-IN-LAW (OF MAN)	MOTHER-IN-LAW (OF MAN)
Rzymski-2020-1647-898	898	2259	FLESH	FLESH
Rzymski-2020-1647-899	899	2260	FEMALE (OF PERSON)	FEMALE (OF PERSON)
Rzymski-2020-1647-900	900	2261	MALE (OF PERSON)	MALE (OF PERSON)
Rzymski-2020-1647-901	901	2262	FEMALE (OF ANIMAL)	FEMALE (OF ANIMAL)
Rzymski-2020-1647-902	902	2263	MALE (OF ANIMAL)	MALE (OF ANIMAL)
Rzymski-2020-1647-903	903	2264	DAUGHTER-IN-LAW (OF WOMAN)	DAUGHTER-IN-LAW (OF WOMAN)
Rzymski-2020-1647-904	904	2265	DAUGHTER-IN-LAW (OF MAN)	DAUGHTER-IN-LAW (OF MAN)
Rzymski-2020-1647-905	905	2266	SON-IN-LAW (OF WOMAN)	SON-IN-LAW (OF WOMAN)
Rzymski-2020-1647-906	906	2267	SON-IN-LAW (OF MAN)	SON-IN-LAW (OF MAN)
Rzymski-2020-1647-907	907	227	FISH	FISH
Rzymski-2020-1647-908	908	2271	THINK	THINK
Rzymski-2020-1647-909	909	2272	HOT OR WARM	HOT OR WARM
Rzymski-2020-1647-910	910	2274	YOUR (PLURAL)	YOUR (PLURAL)
Rzymski-2020-1647-911	911	228	CARVE	CARVE
Rzymski-2020-1647-912	912	23	RYE	RYE
Rzymski-2020-1647-913	913	230	SWEEP	SWEEP
Rzymski-2020-1647-914	914	2308	THIN	THIN
Rzymski-2020-1647-915	915	2309	LIVE	LIVE
Rzymski-2020-1647-916	916	232	FLEA	FLEA
Rzymski-2020-1647-917	917	2327	BECOME SICK	BECOME SICK
Rzymski-2020-1647-918	918	2334	MELT	MELT
Rzymski-2020-1647-919	919	234	PADDLE	PADDLE
Rzymski-2020-1647-920	920	235	FLYING FOX	FLYING FOX
Rzymski-2020-1647-921	921	236	STEPMOTHER	STEPMOTHER
Rzymski-2020-1647-922	922	237	STEPFATHER	STEPFATHER
Rzymski-2020-1647-923	923	2372	SAGO PALM	SAGO PALM
Rzymski-2020-1647-924	924	2373	SKIN (OF FRUIT)	SKIN (OF FRUIT)
Rzymski-2020-1647-925	925	2374	DREAM	DREAM
Rzymski-2020-1647-926	926	2378	THUNDER (VERB)	THUNDER (VERB)
Rzymski-2020-1647-927	927	239	FLOWER	FLOWER
Rzymski-2020-1647-928	928	2396	KNOCK	KNOCK
Rzymski-2020-1647-929	929	24	PRAY	PRAY
Rzymski-2020-1647-930	930	2400	THEIR	THEIR
Rzymski-2020-1647-931	931	2406	HOME	HOME
Rzymski-2020-1647-932	932	241	TREE STUMP	TREE STUMP
Rzymski-2020-1647-933	933	2410	GOOD-LOOKING	GOOD-LOOKING
Rzymski-2020-1647-934	934	2421	YOUNGER SISTER (OF WOMAN)	YOUNGER SISTER (OF WOMAN)
Rzymski-2020-1647-935	935	243	FRESH	FRESH
Rzymski-2020-1647-936	936	245	BROOM	BROOM
Rzymski-2020-1647-937	937	2457	PATH OR ROAD	PATH OR ROAD
Rzymski-2020-1647-938	938	2466	WEIGHT	WEIGHT
Rzymski-2020-1647-939	939	2467	GAME	GAME
Rzymski-2020-1647-940	940	2468	BAG	BAG
Rzymski-2020-1647-941	941	2470	DEAR	DEAR
Rzymski-2020-1647-942	942	248	HAPPEN	HAPPEN
Rzymski-2020-1647-943	943	2482	TOGETHER	TOGETHER
Rzymski-2020-1647-944	944	2483	COLD (OF WEATHER)	COLD (OF WEATHER)
Rzymski-2020-1647-945	945	2485	HIDE (ONESELF)	HIDE (ONESELF)
Rzymski-2020-1647-946	946	249	FOG	FOG
Rzymski-2020-1647-947	947	2490	NOON	NOON
Rzymski-2020-1647-948	948	2492	BOIL (SOMETHING)	BOIL (SOMETHING)
Rzymski-2020-1647-949	949	2497	RATTAN	RATTAN
Rzymski-2020-1647-950	950	25	DIRT	DIRT
Rzymski-2020-1647-951	951	250	LIGHT (COLOR)	LIGHT (COLOR)
Rzymski-2020-1647-952	952	251	SHARPEN (SOMETHING)	SHARPEN (SOMETHING)
Rzymski-2020-1647-953	953	2524	JOY	JOY
Rzymski-2020-1647-954	954	2537	LENGTH	LENGTH
Rzymski-2020-1647-955	955	2539	PIT (POTHOLE)	PIT (POTHOLE)
Rzymski-2020-1647-956	956	2546	BORDER	BORDER
Rzymski-2020-1647-957	957	255	SERVANT	SERVANT
Rzymski-2020-1647-958	958	2558	BREAK (CLEAVE)	BREAK (CLEAVE)
Rzymski-2020-1647-959	959	2559	FEEL (TACTUALLY)	FEEL (TACTUALLY)
Rzymski-2020-1647-960	960	256	FOOD	FOOD
Rzymski-2020-1647-961	961	257	WORSHIP	WORSHIP
Rzymski-2020-1647-962	962	2575	DO OR MAKE	DO OR MAKE
Rzymski-2020-1647-963	963	258	CALM	CALM
Rzymski-2020-1647-964	964	259	ROUGH (OF SEA)	ROUGH (OF SEA)
Rzymski-2020-1647-965	965	2604	NOOSE	NOOSE
Rzymski-2020-1647-966	966	2613	SKIN (HUMAN)	SKIN (HUMAN)
Rzymski-2020-1647-967	967	2615	FLESH OR MEAT	FLESH OR MEAT
Rzymski-2020-1647-968	968	262	HE OR SHE OR IT	HE OR SHE OR IT
Rzymski-2020-1647-969	969	2634	WE TWO	WE TWO
Rzymski-2020-1647-970	970	2636	WE TWO (EXCLUSIVE)	WE TWO (EXCLUSIVE)
Rzymski-2020-1647-971	971	2637	WE TWO (INCLUSIVE)	WE TWO (INCLUSIVE)
Rzymski-2020-1647-972	972	264	HE-GOAT	HE-GOAT
Rzymski-2020-1647-973	973	2642	HE OR SHE	HE OR SHE
Rzymski-2020-1647-974	974	2648	HAIR (HEAD)	HAIR (HEAD)
Rzymski-2020-1647-975	975	265	FOWL	FOWL
Rzymski-2020-1647-976	976	266	SCALE	SCALE
Rzymski-2020-1647-977	977	2666	SOLE (FOOT)	SOLE (FOOT)
Rzymski-2020-1647-978	978	267	NIT	NIT
Rzymski-2020-1647-979	979	268	DRIBBLE	DRIBBLE
Rzymski-2020-1647-980	980	269	COOKED	COOKED
Rzymski-2020-1647-981	981	27	AIR	AIR
Rzymski-2020-1647-982	982	270	JUG	JUG
Rzymski-2020-1647-983	983	2708	TALK	TALK
Rzymski-2020-1647-984	984	271	SAUCER	SAUCER
Rzymski-2020-1647-985	985	273	DOUGH	DOUGH
Rzymski-2020-1647-986	986	274	KNEAD	KNEAD
Rzymski-2020-1647-987	987	2749	UNHUSKED RICE	UNHUSKED RICE
Rzymski-2020-1647-988	988	275	PEEL	PEEL
Rzymski-2020-1647-989	989	277	SPINDLE	SPINDLE
Rzymski-2020-1647-990	990	278	AWL	AWL
Rzymski-2020-1647-991	991	279	THATCH	THATCH
Rzymski-2020-1647-992	992	280	RIDGEPOLE	RIDGEPOLE
Rzymski-2020-1647-993	993	281	POST	POST
Rzymski-2020-1647-994	994	2819	GRASSLAND	GRASSLAND
Rzymski-2020-1647-995	995	284	HOE	HOE
Rzymski-2020-1647-996	996	2844	YOU (FORMAL ADDRESS)	YOU (FORMAL ADDRESS)
Rzymski-2020-1647-997	997	285	THRESH	THRESH
Rzymski-2020-1647-998	998	2857	CHANGE (BECOME DIFFERENT)	CHANGE (BECOME DIFFERENT)
Rzymski-2020-1647-999	999	2858	STREAM (FLOW CONTINUOUSLY)	STREAM (FLOW CONTINUOUSLY)
Rzymski-2020-1647-1000	1000	2859	SMOKE (EMIT SMOKE)	SMOKE (EMIT SMOKE)
Rzymski-2020-1647-1001	1001	286	NEEDLE TREE	NEEDLE TREE
Rzymski-2020-1647-1002	1002	2860	BOLT (MOVE IN HASTE)	BOLT (MOVE IN HASTE)
Rzymski-2020-1647-1003	1003	2861	BUDGE (ONESELF)	BUDGE (ONESELF)
Rzymski-2020-1647-1004	1004	2862	CONNECT	CONNECT
Rzymski-2020-1647-1005	1005	2863	DASH (OF VEHICLE)	DASH (OF VEHICLE)
Rzymski-2020-1647-1006	1006	2865	DIE (FROM ACCIDENT)	DIE (FROM ACCIDENT)
Rzymski-2020-1647-1007	1007	2866	DROP (SOMETHING)	DROP (SOMETHING)
Rzymski-2020-1647-1008	1008	2867	CALCULATE	CALCULATE
Rzymski-2020-1647-1009	1009	2868	DRIVE (CATTLE)	DRIVE (CATTLE)
Rzymski-2020-1647-1010	1010	2869	BOTHER (HARASS)	BOTHER (HARASS)
Rzymski-2020-1647-1011	1011	2870	RECOGNIZE (SOMEBODY)	RECOGNIZE (SOMEBODY)
Rzymski-2020-1647-1012	1012	2871	SWING (MOVEMENT)	SWING (MOVEMENT)
Rzymski-2020-1647-1013	1013	2872	IMPROVE (SOMETHING)	IMPROVE (SOMETHING)
Rzymski-2020-1647-1014	1014	2873	MOVE (AFFECT EMOTIONALLY)	MOVE (AFFECT EMOTIONALLY)
Rzymski-2020-1647-1015	1015	2874	MOVE (ONESELF)	MOVE (ONESELF)
Rzymski-2020-1647-1016	1016	2875	RING (MAKE SOUND)	RING (MAKE SOUND)
Rzymski-2020-1647-1017	1017	2876	ROAR (OF SEA)	ROAR (OF SEA)
Rzymski-2020-1647-1018	1018	2879	SOUND (OF INSTRUMENT OR VOICE)	SOUND (OF INSTRUMENT OR VOICE)
Rzymski-2020-1647-1019	1019	288	FORGE	FORGE
Rzymski-2020-1647-1020	1020	2880	HALT (STOP)	HALT (STOP)
Rzymski-2020-1647-1021	1021	2881	URGE (SOMEONE)	URGE (SOMEONE)
Rzymski-2020-1647-1022	1022	2883	DISTURB	DISTURB
Rzymski-2020-1647-1023	1023	2884	HANG	HANG
Rzymski-2020-1647-1024	1024	2885	HERD (SOMETHING)	HERD (SOMETHING)
Rzymski-2020-1647-1025	1025	2886	PRODUCE	PRODUCE
Rzymski-2020-1647-1026	1026	2887	THAW (DEW)	THAW (DEW)
Rzymski-2020-1647-1027	1027	2888	TINKLE	TINKLE
Rzymski-2020-1647-1028	1028	289	MOLD	MOLD
Rzymski-2020-1647-1029	1029	2890	WALK (TAKE A WALK)	WALK (TAKE A WALK)
Rzymski-2020-1647-1030	1030	2891	TIE UP (TETHER)	TIE UP (TETHER)
Rzymski-2020-1647-1031	1031	2893	NOTICE (SOMETHING)	NOTICE (SOMETHING)
Rzymski-2020-1647-1032	1032	2894	TUMBLE (FALL DOWN)	TUMBLE (FALL DOWN)
Rzymski-2020-1647-1033	1033	2896	CAUSE TO (LET)	CAUSE TO (LET)
Rzymski-2020-1647-1034	1034	2897	CHIME (ACTION)	CHIME (ACTION)
Rzymski-2020-1647-1035	1035	2898	CONVEY (A MESSAGE)	CONVEY (A MESSAGE)
Rzymski-2020-1647-1036	1036	2899	JOG (SOMETHING)	JOG (SOMETHING)
Rzymski-2020-1647-1037	1037	290	ADZE	ADZE
Rzymski-2020-1647-1038	1038	2900	PROTECT	PROTECT
Rzymski-2020-1647-1039	1039	2901	SWING (SOMETHING)	SWING (SOMETHING)
Rzymski-2020-1647-1040	1040	2903	CHAT (WITH SOMEBODY)	CHAT (WITH SOMEBODY)
Rzymski-2020-1647-1041	1041	2904	RINSE	RINSE
Rzymski-2020-1647-1042	1042	2905	KNIT	KNIT
Rzymski-2020-1647-1043	1043	2906	TRANSLATE	TRANSLATE
Rzymski-2020-1647-1044	1044	2907	ROT	ROT
Rzymski-2020-1647-1045	1045	2909	PREPARE	PREPARE
Rzymski-2020-1647-1046	1046	291	PULL OFF (SKIN)	PULL OFF (SKIN)
Rzymski-2020-1647-1047	1047	2910	BACK (DIRECTION)	BACK (DIRECTION)
Rzymski-2020-1647-1048	1048	2911	BACKWARD	BACKWARD
Rzymski-2020-1647-1049	1049	2912	FORWARD	FORWARD
Rzymski-2020-1647-1050	1050	2914	ONCE (IN THE PAST)	ONCE (IN THE PAST)
Rzymski-2020-1647-1051	1051	2915	AT FIRST	AT FIRST
Rzymski-2020-1647-1052	1052	2916	INSTANTLY (IMMEDIATELY)	INSTANTLY (IMMEDIATELY)
Rzymski-2020-1647-1053	1053	2919	STILL (CONTINUING)	STILL (CONTINUING)
Rzymski-2020-1647-1054	1054	292	RUG	RUG
Rzymski-2020-1647-1055	1055	2920	SUDDENLY	SUDDENLY
Rzymski-2020-1647-1056	1056	2921	THEN	THEN
Rzymski-2020-1647-1057	1057	2922	AT THAT TIME	AT THAT TIME
Rzymski-2020-1647-1058	1058	2923	THITHER (THERE TO)	THITHER (THERE TO)
Rzymski-2020-1647-1059	1059	2925	HITHER (HERE TO)	HITHER (HERE TO)
Rzymski-2020-1647-1060	1060	2928	WHITHER (WHERE TO)	WHITHER (WHERE TO)
Rzymski-2020-1647-1061	1061	293	NETBAG	NETBAG
Rzymski-2020-1647-1062	1062	2930	BOSS	BOSS
Rzymski-2020-1647-1063	1063	2931	BUSINESS	BUSINESS
Rzymski-2020-1647-1064	1064	2932	COLD (CHILL)	COLD (CHILL)
Rzymski-2020-1647-1065	1065	2933	CONVERSATION	CONVERSATION
Rzymski-2020-1647-1066	1066	2936	ELEVATION	ELEVATION
Rzymski-2020-1647-1067	1067	2937	FAIRY TALE	FAIRY TALE
Rzymski-2020-1647-1068	1068	2939	FLOCK (OF ANIMALS)	FLOCK (OF ANIMALS)
Rzymski-2020-1647-1069	1069	2940	GATE	GATE
Rzymski-2020-1647-1070	1070	2941	HAPPINESS	HAPPINESS
Rzymski-2020-1647-1071	1071	2942	HOARFROST	HOARFROST
Rzymski-2020-1647-1072	1072	2943	BUNDLE	BUNDLE
Rzymski-2020-1647-1073	1073	2945	COUNT (QUANTITY)	COUNT (QUANTITY)
Rzymski-2020-1647-1074	1074	2947	DAMAGE (INJURY)	DAMAGE (INJURY)
Rzymski-2020-1647-1075	1075	2948	GAP (DISTANCE)	GAP (DISTANCE)
Rzymski-2020-1647-1076	1076	2949	LAIR	LAIR
Rzymski-2020-1647-1077	1077	2950	MEANING	MEANING
Rzymski-2020-1647-1078	1078	2951	POUCH	POUCH
Rzymski-2020-1647-1079	1079	2952	SLAB	SLAB
Rzymski-2020-1647-1080	1080	2954	SLICE	SLICE
Rzymski-2020-1647-1081	1081	2955	STATE (POLITICS)	STATE (POLITICS)
Rzymski-2020-1647-1082	1082	2957	WARE	WARE
Rzymski-2020-1647-1083	1083	2958	LAUGHTER	LAUGHTER
Rzymski-2020-1647-1084	1084	2959	LEASH	LEASH
Rzymski-2020-1647-1085	1085	296	CROUCH	CROUCH
Rzymski-2020-1647-1086	1086	2961	MESSAGE	MESSAGE
Rzymski-2020-1647-1087	1087	2962	MOORLAND	MOORLAND
Rzymski-2020-1647-1088	1088	2964	NEWS	NEWS
Rzymski-2020-1647-1089	1089	2965	PAW	PAW
Rzymski-2020-1647-1090	1090	297	CROOKED	CROOKED
Rzymski-2020-1647-1091	1091	2971	SIN	SIN
Rzymski-2020-1647-1092	1092	2972	SLEEP (STATE)	SLEEP (STATE)
Rzymski-2020-1647-1093	1093	2973	STRAP	STRAP
Rzymski-2020-1647-1094	1094	2974	SWARM (OF BIRDS)	SWARM (OF BIRDS)
Rzymski-2020-1647-1095	1095	2975	THOUGHT	THOUGHT
Rzymski-2020-1647-1096	1096	2976	VIOLENCE	VIOLENCE
Rzymski-2020-1647-1097	1097	2978	DISTANCE	DISTANCE
Rzymski-2020-1647-1098	1098	298	SHRIEK	SHRIEK
Rzymski-2020-1647-1099	1099	2980	AREA	AREA
Rzymski-2020-1647-1100	1100	2981	ITEM	ITEM
Rzymski-2020-1647-1101	1101	2984	HEAP	HEAP
Rzymski-2020-1647-1102	1102	2985	HEIGHT	HEIGHT
Rzymski-2020-1647-1103	1103	2986	CAMPFIRE	CAMPFIRE
Rzymski-2020-1647-1104	1104	2987	AMOUNT	AMOUNT
Rzymski-2020-1647-1105	1105	2989	FRINGE	FRINGE
Rzymski-2020-1647-1106	1106	299	SCOLD	SCOLD
Rzymski-2020-1647-1107	1107	2990	SACK	SACK
Rzymski-2020-1647-1108	1108	2992	TIP (OF OBJECT)	TIP (OF OBJECT)
Rzymski-2020-1647-1109	1109	2993	STROKE (OF PEN)	STROKE (OF PEN)
Rzymski-2020-1647-1110	1110	2995	TONE (MUSIC)	TONE (MUSIC)
Rzymski-2020-1647-1111	1111	2996	WEALTH	WEALTH
Rzymski-2020-1647-1112	1112	2998	DAMP	DAMP
Rzymski-2020-1647-1113	1113	3	BRAVE	BRAVE
Rzymski-2020-1647-1114	1114	30	DISPEL	DISPEL
Rzymski-2020-1647-1115	1115	3001	POWERFUL	POWERFUL
Rzymski-2020-1647-1116	1116	3002	PRECIOUS	PRECIOUS
Rzymski-2020-1647-1117	1117	3003	SOLID	SOLID
Rzymski-2020-1647-1118	1118	3004	FORMER	FORMER
Rzymski-2020-1647-1119	1119	3006	SPACE (AVAILABLE)	SPACE (AVAILABLE)
Rzymski-2020-1647-1120	1120	301	CHIEFTAIN	CHIEFTAIN
Rzymski-2020-1647-1121	1121	302	CLAN	CLAN
Rzymski-2020-1647-1122	1122	3024	BRIDE PRICE	BRIDE PRICE
Rzymski-2020-1647-1123	1123	3037	SAME-SEX OLDER SIBLING	SAME-SEX OLDER SIBLING
Rzymski-2020-1647-1124	1124	3038	SAME-SEX YOUNGER SIBLING	SAME-SEX YOUNGER SIBLING
Rzymski-2020-1647-1125	1125	304	PREACH	PREACH
Rzymski-2020-1647-1126	1126	305	GRANDPARENTS	GRANDPARENTS
Rzymski-2020-1647-1127	1127	3055	SWINDLE	SWINDLE
Rzymski-2020-1647-1128	1128	306	PARENTS-IN-LAW	PARENTS-IN-LAW
Rzymski-2020-1647-1129	1129	307	HAWK	HAWK
Rzymski-2020-1647-1130	1130	3072	MISPLACE	MISPLACE
Rzymski-2020-1647-1131	1131	3078	IRRIGATE	IRRIGATE
Rzymski-2020-1647-1132	1132	31	PAN	PAN
Rzymski-2020-1647-1133	1133	310	HEAD LOUSE	HEAD LOUSE
Rzymski-2020-1647-1134	1134	311	BODY LOUSE	BODY LOUSE
Rzymski-2020-1647-1135	1135	3137	OAR	OAR
Rzymski-2020-1647-1136	1136	315	CURASSOW	CURASSOW
Rzymski-2020-1647-1137	1137	3154	WILD BOAR	WILD BOAR
Rzymski-2020-1647-1138	1138	3155	DIBBLE STICK	DIBBLE STICK
Rzymski-2020-1647-1139	1139	3168	DOWRY	DOWRY
Rzymski-2020-1647-1140	1140	3170	BATHE (SOMEONE)	BATHE (SOMEONE)
Rzymski-2020-1647-1141	1141	3171	RINGWORM	RINGWORM
Rzymski-2020-1647-1142	1142	3173	TINEA	TINEA
Rzymski-2020-1647-1143	1143	3174	WAKE UP (SOMEONE)	WAKE UP (SOMEONE)
Rzymski-2020-1647-1144	1144	318	FOOTPRINT	FOOTPRINT
Rzymski-2020-1647-1145	1145	3180	SHOOT (WITH SLINGSHOT)	SHOOT (WITH SLINGSHOT)
Rzymski-2020-1647-1146	1146	3182	MARRIAGE OR WEDDING	MARRIAGE OR WEDDING
Rzymski-2020-1647-1147	1147	3183	BREATH OR BREATHE	BREATH OR BREATHE
Rzymski-2020-1647-1148	1148	3184	BE ALIVE OR LIFE	BE ALIVE OR LIFE
Rzymski-2020-1647-1149	1149	3187	DROWNED	DROWNED
Rzymski-2020-1647-1150	1150	3188	MIGHTY OR POWERFUL OR STRONG	MIGHTY OR POWERFUL OR STRONG
Rzymski-2020-1647-1151	1151	3189	STAB TO DEATH	STAB TO DEATH
Rzymski-2020-1647-1152	1152	319	LICK	LICK
Rzymski-2020-1647-1153	1153	3195	DAMAGE OR INJURE	DAMAGE OR INJURE
Rzymski-2020-1647-1154	1154	3198	NOTHING OR ZERO	NOTHING OR ZERO
Rzymski-2020-1647-1155	1155	3199	TWIST (AROUND)	TWIST (AROUND)
Rzymski-2020-1647-1156	1156	32	EARWAX	EARWAX
Rzymski-2020-1647-1157	1157	320	LAME	LAME
Rzymski-2020-1647-1158	1158	3201	HINDER OR PREVENT	HINDER OR PREVENT
Rzymski-2020-1647-1159	1159	3203	CANNON OR GUN	CANNON OR GUN
Rzymski-2020-1647-1160	1160	3206	ELF OR FAIRY	ELF OR FAIRY
Rzymski-2020-1647-1161	1161	3208	CENTER OR MIDDLE	CENTER OR MIDDLE
Rzymski-2020-1647-1162	1162	321	CHEW	CHEW
Rzymski-2020-1647-1163	1163	3210	KNIFE (FOR EATING)	KNIFE (FOR EATING)
Rzymski-2020-1647-1164	1164	3212	HOPE (SOMETHING)	HOPE (SOMETHING)
Rzymski-2020-1647-1165	1165	3213	HIRE OR RENT	HIRE OR RENT
Rzymski-2020-1647-1166	1166	3215	CREEP	CREEP
Rzymski-2020-1647-1167	1167	3217	TIN OR TINPLATE	TIN OR TINPLATE
Rzymski-2020-1647-1168	1168	322	FIG	FIG
Rzymski-2020-1647-1169	1169	3222	TWIG	TWIG
Rzymski-2020-1647-1170	1170	3223	BRANCH OR TWIG	BRANCH OR TWIG
Rzymski-2020-1647-1171	1171	323	FAT (ORGANIC SUBSTANCE)	FAT (ORGANIC SUBSTANCE)
Rzymski-2020-1647-1172	1172	3230	DECEIVE	DECEIVE
Rzymski-2020-1647-1173	1173	3231	DEITY	DEITY
Rzymski-2020-1647-1174	1174	3237	ALLOW OR PERMIT	ALLOW OR PERMIT
Rzymski-2020-1647-1175	1175	325	FELT	FELT
Rzymski-2020-1647-1176	1176	326	CLOAK	CLOAK
Rzymski-2020-1647-1177	1177	327	PONCHO	PONCHO
Rzymski-2020-1647-1178	1178	328	GRASS-SKIRT	GRASS-SKIRT
Rzymski-2020-1647-1179	1179	329	STOCKING	STOCKING
Rzymski-2020-1647-1180	1180	3294	BRAID (VERB) OR WEAVE (BASKET)	BRAID (VERB) OR WEAVE (BASKET)
Rzymski-2020-1647-1181	1181	3303	PICTURE (PAINTING)	PICTURE (PAINTING)
Rzymski-2020-1647-1182	1182	3308	STRIKE (SOMEONE)	STRIKE (SOMEONE)
Rzymski-2020-1647-1183	1183	3309	STRIKE (SOMETHING)	STRIKE (SOMETHING)
Rzymski-2020-1647-1184	1184	3311	FLOWING BODY OF WATER	FLOWING BODY OF WATER
Rzymski-2020-1647-1185	1185	3312	SHORT (TIME)	SHORT (TIME)
Rzymski-2020-1647-1186	1186	332	RAG	RAG
Rzymski-2020-1647-1187	1187	334	COOKHOUSE	COOKHOUSE
Rzymski-2020-1647-1188	1188	335	MEETING HOUSE	MEETING HOUSE
Rzymski-2020-1647-1189	1189	336	PADLOCK	PADLOCK
Rzymski-2020-1647-1190	1190	337	PITCHFORK	PITCHFORK
Rzymski-2020-1647-1191	1191	3371	WASH (ONESELF)	WASH (ONESELF)
Rzymski-2020-1647-1192	1192	338	RAKE	RAKE
Rzymski-2020-1647-1193	1193	339	DIGGING STICK	DIGGING STICK
Rzymski-2020-1647-1194	1194	342	HAY	HAY
Rzymski-2020-1647-1195	1195	343	VINE	VINE
Rzymski-2020-1647-1196	1196	344	TREE TRUNK	TREE TRUNK
Rzymski-2020-1647-1197	1197	3447	BEGIN OR START	BEGIN OR START
Rzymski-2020-1647-1198	1198	3448	SIEVE OR STRAIN	SIEVE OR STRAIN
Rzymski-2020-1647-1199	1199	345	SAP	SAP
Rzymski-2020-1647-1200	1200	3450	HOW MANY PIECES	HOW MANY PIECES
Rzymski-2020-1647-1201	1201	3455	COMMEND	COMMEND
Rzymski-2020-1647-1202	1202	3456	CRAWL OR CREEP	CRAWL OR CREEP
Rzymski-2020-1647-1203	1203	3457	HEADBAND OR HEADDRESS	HEADBAND OR HEADDRESS
Rzymski-2020-1647-1204	1204	3458	SILENCE	SILENCE
Rzymski-2020-1647-1205	1205	346	BANYAN	BANYAN
Rzymski-2020-1647-1206	1206	3462	FLAX OR LINEN	FLAX OR LINEN
Rzymski-2020-1647-1207	1207	3464	SHORE OF LAKE	SHORE OF LAKE
Rzymski-2020-1647-1208	1208	348	FISH POISON	FISH POISON
Rzymski-2020-1647-1209	1209	351	TARO	TARO
Rzymski-2020-1647-1210	1210	352	UNTIE	UNTIE
Rzymski-2020-1647-1211	1211	353	STRIKE	STRIKE
Rzymski-2020-1647-1212	1212	354	POUND	POUND
Rzymski-2020-1647-1213	1213	355	CUT DOWN	CUT DOWN
Rzymski-2020-1647-1214	1214	356	SHEARS	SHEARS
Rzymski-2020-1647-1215	1215	357	HANG UP	HANG UP
Rzymski-2020-1647-1216	1216	36	PUBIC HAIR	PUBIC HAIR
Rzymski-2020-1647-1217	1217	360	FAN (ACTION)	FAN ACTION
Rzymski-2020-1647-1218	1218	361	PEG	PEG
Rzymski-2020-1647-1219	1219	362	STRING	STRING
Rzymski-2020-1647-1220	1220	363	DWELL (LIVE, RESIDE)	DWELL (LIVE, RESIDE)
Rzymski-2020-1647-1221	1221	365	SPLASH	SPLASH
Rzymski-2020-1647-1222	1222	366	LIMP	LIMP
Rzymski-2020-1647-1223	1223	367	RIDE	RIDE
Rzymski-2020-1647-1224	1224	369	OWE	OWE
Rzymski-2020-1647-1225	1225	37	LIBERATE	LIBERATE
Rzymski-2020-1647-1226	1226	371	PICK UP	PICK UP
Rzymski-2020-1647-1227	1227	372	POINTED	POINTED
Rzymski-2020-1647-1228	1228	374	ONE TIME	ONE TIME
Rzymski-2020-1647-1229	1229	375	SNIFF	SNIFF
Rzymski-2020-1647-1230	1230	376	FRAGRANT	FRAGRANT
Rzymski-2020-1647-1231	1231	377	LOUD	LOUD
Rzymski-2020-1647-1232	1232	378	PINCH	PINCH
Rzymski-2020-1647-1233	1233	379	BLUNT	BLUNT
Rzymski-2020-1647-1234	1234	38	SPREAD OUT	SPREAD OUT
Rzymski-2020-1647-1235	1235	381	BLAME	BLAME
Rzymski-2020-1647-1236	1236	383	MASTER	MASTER
Rzymski-2020-1647-1237	1237	384	FREEMAN	FREEMAN
Rzymski-2020-1647-1238	1238	386	BATTLE-AXE	BATTLE-AXE
Rzymski-2020-1647-1239	1239	388	FISHNET	FISHNET
Rzymski-2020-1647-1240	1240	389	FISH TRAP	FISH TRAP
Rzymski-2020-1647-1241	1241	390	PUNISHMENT	PUNISHMENT
Rzymski-2020-1647-1242	1242	392	MAGIC	MAGIC
Rzymski-2020-1647-1243	1243	394	SHAMAN (FOLK HEALER)	SHAMAN (FOLK HEALER)
Rzymski-2020-1647-1244	1244	395	PILL	PILL
Rzymski-2020-1647-1245	1245	398	PIERCE	PIERCE
Rzymski-2020-1647-1246	1246	399	PLANTAIN	PLANTAIN
Rzymski-2020-1647-1247	1247	40	ENVY	ENVY
Rzymski-2020-1647-1248	1248	403	GARDEN-HOUSE	GARDEN-HOUSE
Rzymski-2020-1647-1249	1249	404	ALCOHOL (FERMENTED DRINK)	ALCOHOL (FERMENTED DRINK)
Rzymski-2020-1647-1250	1250	405	OLDER SIBLING	OLDER SIBLING
Rzymski-2020-1647-1251	1251	406	OLD MAN	OLD MAN
Rzymski-2020-1647-1252	1252	407	MANIOC BREAD	MANIOC BREAD
Rzymski-2020-1647-1253	1253	408	MEN'S HOUSE	MEN'S HOUSE
Rzymski-2020-1647-1254	1254	409	FORKED BRANCH	FORKED BRANCH
Rzymski-2020-1647-1255	1255	410	YAM	YAM
Rzymski-2020-1647-1256	1256	411	GOURD	GOURD
Rzymski-2020-1647-1257	1257	412	CARRY IN HAND	CARRY IN HAND
Rzymski-2020-1647-1258	1258	413	CARRY ON SHOULDER	CARRY ON SHOULDER
Rzymski-2020-1647-1259	1259	414	CARRY ON HEAD	CARRY ON HEAD
Rzymski-2020-1647-1260	1260	415	CARRY UNDER ARM	CARRY UNDER ARM
Rzymski-2020-1647-1261	1261	416	OUTRIGGER	OUTRIGGER
Rzymski-2020-1647-1262	1262	418	FOR A LONG TIME	FOR A LONG TIME
Rzymski-2020-1647-1263	1263	419	SEVERE	SEVERE
Rzymski-2020-1647-1264	1264	42	STINKING	STINKING
Rzymski-2020-1647-1265	1265	420	FOREST	FOREST
Rzymski-2020-1647-1266	1266	421	RETREAT	RETREAT
Rzymski-2020-1647-1267	1267	424	MARRIED MAN	MARRIED MAN
Rzymski-2020-1647-1268	1268	425	BE LATE	BE LATE
Rzymski-2020-1647-1269	1269	426	MARRIED WOMAN	MARRIED WOMAN
Rzymski-2020-1647-1270	1270	427	YOUNGER SIBLING	YOUNGER SIBLING
Rzymski-2020-1647-1271	1271	43	LEAD (GUIDE)	LEAD (GUIDE)
Rzymski-2020-1647-1272	1272	431	UPPER ARM	UPPER ARM
Rzymski-2020-1647-1273	1273	435	COLLARED PECCARY	COLLARED PECCARY
Rzymski-2020-1647-1274	1274	436	WHITE-LIPPED PECCARY	WHITE-LIPPED PECCARY
Rzymski-2020-1647-1275	1275	437	GUAN	GUAN
Rzymski-2020-1647-1276	1276	44	INJURE	INJURE
Rzymski-2020-1647-1277	1277	442	FRONT TOOTH (INCISOR)	FRONT TOOTH (INCISOR)
Rzymski-2020-1647-1278	1278	443	TIP (OF TONGUE)	TIP (OF TONGUE)
Rzymski-2020-1647-1279	1279	444	LONG HAIR	LONG HAIR
Rzymski-2020-1647-1280	1280	445	UPPER BACK	UPPER BACK
Rzymski-2020-1647-1281	1281	446	LOWER ARM	LOWER ARM
Rzymski-2020-1647-1282	1282	447	LOWER LEG	LOWER LEG
Rzymski-2020-1647-1283	1283	448	STORM CLOUDS	STORM CLOUDS
Rzymski-2020-1647-1284	1284	449	CORN FIELD	CORN FIELD
Rzymski-2020-1647-1285	1285	45	EVIL	EVIL
Rzymski-2020-1647-1286	1286	452	DRY SEASON	DRY SEASON
Rzymski-2020-1647-1287	1287	46	HOLLOW OUT	HOLLOW OUT
Rzymski-2020-1647-1288	1288	460	BREAK (OF ROPE)	BREAK (OF ROPE)
Rzymski-2020-1647-1289	1289	474	DRESS	DRESS
Rzymski-2020-1647-1290	1290	476	CUP	CUP
Rzymski-2020-1647-1291	1291	477	LATE	LATE
Rzymski-2020-1647-1292	1292	478	LIP	LIP
Rzymski-2020-1647-1293	1293	479	GROW	GROW
Rzymski-2020-1647-1294	1294	48	BE SILENT	BE SILENT
Rzymski-2020-1647-1295	1295	480	PLATE	PLATE
Rzymski-2020-1647-1296	1296	481	DISH	DISH
Rzymski-2020-1647-1297	1297	484	CONDEMN	CONDEMN
Rzymski-2020-1647-1298	1298	485	DISAPPEAR	DISAPPEAR
Rzymski-2020-1647-1299	1299	487	SHY	SHY
Rzymski-2020-1647-1300	1300	488	MANNER	MANNER
Rzymski-2020-1647-1301	1301	489	KIDNEY	KIDNEY
Rzymski-2020-1647-1302	1302	49	REFUSE	REFUSE
Rzymski-2020-1647-1303	1303	490	DESCENDANTS	DESCENDANTS
Rzymski-2020-1647-1304	1304	492	THREE	THREE
Rzymski-2020-1647-1305	1305	493	FIVE	FIVE
Rzymski-2020-1647-1306	1306	497	SCAR	SCAR
Rzymski-2020-1647-1307	1307	498	CALF OF LEG	CALF OF LEG
Rzymski-2020-1647-1308	1308	499	CURE	CURE
Rzymski-2020-1647-1309	1309	501	LIFT	LIFT
Rzymski-2020-1647-1310	1310	502	NAIL (TOOL)	NAIL (TOOL)
Rzymski-2020-1647-1311	1311	504	LEARN	LEARN
Rzymski-2020-1647-1312	1312	505	PARENTS	PARENTS
Rzymski-2020-1647-1313	1313	506	MAIZE	MAIZE
Rzymski-2020-1647-1314	1314	509	CERTAIN	CERTAIN
Rzymski-2020-1647-1315	1315	52	SHIVER	SHIVER
Rzymski-2020-1647-1316	1316	522	WOLF	WOLF
Rzymski-2020-1647-1317	1317	525	BLOOD VESSEL	BLOOD VESSEL
Rzymski-2020-1647-1318	1318	526	HOWL	HOWL
Rzymski-2020-1647-1319	1319	53	SPIRIT	SPIRIT
Rzymski-2020-1647-1320	1320	531	HOW MUCH	HOW MUCH
Rzymski-2020-1647-1321	1321	539	NEST	NEST
Rzymski-2020-1647-1322	1322	55	WHISPER	WHISPER
Rzymski-2020-1647-1323	1323	554	HINDER	HINDER
Rzymski-2020-1647-1324	1324	56	BAD LUCK	BAD LUCK
Rzymski-2020-1647-1325	1325	568	RISE (MOVE UPWARDS)	RISE (MOVE UPWARDS)
Rzymski-2020-1647-1326	1326	569	SPOIL (BECOME SPOILED)	SPOIL (BECOME SPOILED)
Rzymski-2020-1647-1327	1327	570	STAND UP	STAND UP
Rzymski-2020-1647-1328	1328	573	SWAY	SWAY
Rzymski-2020-1647-1329	1329	576	DANDRUFF	DANDRUFF
Rzymski-2020-1647-1330	1330	578	KISS	KISS
Rzymski-2020-1647-1331	1331	579	BATTLE	BATTLE
Rzymski-2020-1647-1332	1332	580	FUR	FUR
Rzymski-2020-1647-1333	1333	581	COME BACK	COME BACK
Rzymski-2020-1647-1334	1334	582	LEND	LEND
Rzymski-2020-1647-1335	1335	584	DIFFICULT	DIFFICULT
Rzymski-2020-1647-1336	1336	585	BOOT	BOOT
Rzymski-2020-1647-1337	1337	586	GARDEN	GARDEN
Rzymski-2020-1647-1338	1338	587	ANT	ANT
Rzymski-2020-1647-1339	1339	588	BROKEN	BROKEN
Rzymski-2020-1647-1340	1340	59	ELECTRICITY	ELECTRICITY
Rzymski-2020-1647-1341	1341	590	NAKED	NAKED
Rzymski-2020-1647-1342	1342	592	PISS	PISS
Rzymski-2020-1647-1343	1343	593	POTATO	POTATO
Rzymski-2020-1647-1344	1344	594	PIECE	PIECE
Rzymski-2020-1647-1345	1345	597	PHYSICIAN	PHYSICIAN
Rzymski-2020-1647-1346	1346	598	SHELL	SHELL
Rzymski-2020-1647-1347	1347	60	OAT	OAT
Rzymski-2020-1647-1348	1348	601	LIE (MISLEAD)	LIE (MISLEAD)
Rzymski-2020-1647-1349	1349	602	HIDE (CONCEAL)	HIDE (CONCEAL)
Rzymski-2020-1647-1350	1350	603	COAT	COAT
Rzymski-2020-1647-1351	1351	604	GLASS	GLASS
Rzymski-2020-1647-1352	1352	605	GRAIN	GRAIN
Rzymski-2020-1647-1353	1353	606	GRASS	GRASS
Rzymski-2020-1647-1354	1354	610	PORT	PORT
Rzymski-2020-1647-1355	1355	611	HARVEST	HARVEST
Rzymski-2020-1647-1356	1356	612	HEAT	HEAT
Rzymski-2020-1647-1357	1357	613	HIGH TIDE	HIGH TIDE
Rzymski-2020-1647-1358	1358	614	HILL	HILL
Rzymski-2020-1647-1359	1359	615	HORSE	HORSE
Rzymski-2020-1647-1360	1360	617	ICE	ICE
Rzymski-2020-1647-1361	1361	618	PRECIPICE	PRECIPICE
Rzymski-2020-1647-1362	1362	619	ANIMAL	ANIMAL
Rzymski-2020-1647-1363	1363	620	INSECT	INSECT
Rzymski-2020-1647-1364	1364	621	IRON	IRON
Rzymski-2020-1647-1365	1365	622	ISLAND	ISLAND
Rzymski-2020-1647-1366	1366	623	LAGOON	LAGOON
Rzymski-2020-1647-1367	1367	624	LAKE	LAKE
Rzymski-2020-1647-1368	1368	626	LAND	LAND
Rzymski-2020-1647-1369	1369	627	LEAD (CHEMICAL ELEMENT)	LEAD (CHEMICAL ELEMENT)
Rzymski-2020-1647-1370	1370	628	LEAF	LEAF
Rzymski-2020-1647-1371	1371	629	LEATHER	LEATHER
Rzymski-2020-1647-1372	1372	630	LIGHT (RADIATION)	LIGHT (RADIATION)
Rzymski-2020-1647-1373	1373	631	LIVESTOCK	LIVESTOCK
Rzymski-2020-1647-1374	1374	632	LIZARD	LIZARD
Rzymski-2020-1647-1375	1375	633	MARKET	MARKET
Rzymski-2020-1647-1376	1376	634	MEAT	MEAT
Rzymski-2020-1647-1377	1377	635	MILK	MILK
Rzymski-2020-1647-1378	1378	636	MILL	MILL
Rzymski-2020-1647-1379	1379	639	MOUNTAIN	MOUNTAIN
Rzymski-2020-1647-1380	1380	64	PIN	PIN
Rzymski-2020-1647-1381	1381	640	MUD	MUD
Rzymski-2020-1647-1382	1382	642	MUSIC	MUSIC
Rzymski-2020-1647-1383	1383	643	NEED (NOUN)	NEED (NOUN)
Rzymski-2020-1647-1384	1384	644	OAK	OAK
Rzymski-2020-1647-1385	1385	645	OCEAN	OCEAN
Rzymski-2020-1647-1386	1386	646	ASH	ASH
Rzymski-2020-1647-1387	1387	647	PAINT (PIGMENTS)	PAINT (PIGMENTS)
Rzymski-2020-1647-1388	1388	648	PAPER	PAPER
Rzymski-2020-1647-1389	1389	649	PASTURE	PASTURE
Rzymski-2020-1647-1390	1390	650	PETROLEUM	PETROLEUM
Rzymski-2020-1647-1391	1391	652	PLAIN	PLAIN
Rzymski-2020-1647-1392	1392	653	PLANT (VEGETATION)	PLANT (VEGETATION)
Rzymski-2020-1647-1393	1393	655	POISON	POISON
Rzymski-2020-1647-1394	1394	657	PRICE	PRICE
Rzymski-2020-1647-1395	1395	658	RAIN (PRECIPITATION)	RAIN (PRECIPITATION)
Rzymski-2020-1647-1396	1396	659	REED	REED
Rzymski-2020-1647-1397	1397	66	KNEEL	KNEEL
Rzymski-2020-1647-1398	1398	660	REEF	REEF
Rzymski-2020-1647-1399	1399	663	BAY	BAY
Rzymski-2020-1647-1400	1400	665	BEE	BEE
Rzymski-2020-1647-1401	1401	666	RIVER	RIVER
Rzymski-2020-1647-1402	1402	667	ROAD	ROAD
Rzymski-2020-1647-1403	1403	67	EMBERS	EMBERS
Rzymski-2020-1647-1404	1404	670	ROOT	ROOT
Rzymski-2020-1647-1405	1405	671	SAND	SAND
Rzymski-2020-1647-1406	1406	672	EARLY	EARLY
Rzymski-2020-1647-1407	1407	674	MOUTH	MOUTH
Rzymski-2020-1647-1408	1408	675	FAECES (EXCREMENT)	FAECES (EXCREMENT)
Rzymski-2020-1647-1409	1409	676	SHIT (DEFECATE)	SHIT (DEFECATE)
Rzymski-2020-1647-1410	1410	677	AXE	AXE
Rzymski-2020-1647-1411	1411	678	BEARD	BEARD
Rzymski-2020-1647-1412	1412	679	BRIGHT	BRIGHT
Rzymski-2020-1647-1413	1413	680	BREAK (DESTROY OR GET DESTROYED)	BREAK (DESTROY OR GET DESTROYED)
Rzymski-2020-1647-1414	1414	681	DESTROY	DESTROY
Rzymski-2020-1647-1415	1415	682	SIDE	SIDE
Rzymski-2020-1647-1416	1416	683	PERSON	PERSON
Rzymski-2020-1647-1417	1417	684	OWN	OWN
Rzymski-2020-1647-1418	1418	686	EASY	EASY
Rzymski-2020-1647-1419	1419	687	NOTHING	NOTHING
Rzymski-2020-1647-1420	1420	688	LUNG	LUNG
Rzymski-2020-1647-1421	1421	689	BETWEEN	BETWEEN
Rzymski-2020-1647-1422	1422	690	BOTTOM	BOTTOM
Rzymski-2020-1647-1423	1423	691	SEASON	SEASON
Rzymski-2020-1647-1424	1424	692	BRING	BRING
Rzymski-2020-1647-1425	1425	694	GET	GET
Rzymski-2020-1647-1426	1426	695	GO	GO
Rzymski-2020-1647-1427	1427	698	WISE	WISE
Rzymski-2020-1647-1428	1428	7	GATHER	GATHER
Rzymski-2020-1647-1429	1429	70	BRACKISH	BRACKISH
Rzymski-2020-1647-1430	1430	700	CARRY	CARRY
Rzymski-2020-1647-1431	1431	701	SLOW	SLOW
Rzymski-2020-1647-1432	1432	702	CATCH	CATCH
Rzymski-2020-1647-1433	1433	703	SOON	SOON
Rzymski-2020-1647-1434	1434	704	CLEAN	CLEAN
Rzymski-2020-1647-1435	1435	705	GO UP (ASCEND)	GO UP (ASCEND)
Rzymski-2020-1647-1436	1436	706	DARK	DARK
Rzymski-2020-1647-1437	1437	707	REMEMBER	REMEMBER
Rzymski-2020-1647-1438	1438	708	SHINE	SHINE
Rzymski-2020-1647-1439	1439	709	TEACH	TEACH
Rzymski-2020-1647-1440	1440	710	WHEEL	WHEEL
Rzymski-2020-1647-1441	1441	711	TALL	TALL
Rzymski-2020-1647-1442	1442	712	RICH	RICH
Rzymski-2020-1647-1443	1443	713	STEAL	STEAL
Rzymski-2020-1647-1444	1444	714	SEED	SEED
Rzymski-2020-1647-1445	1445	715	SHOUT	SHOUT
Rzymski-2020-1647-1446	1446	716	GROAN	GROAN
Rzymski-2020-1647-1447	1447	717	SWEET	SWEET
Rzymski-2020-1647-1448	1448	718	PAY	PAY
Rzymski-2020-1647-1449	1449	719	FIND	FIND
Rzymski-2020-1647-1450	1450	72	CLAW	CLAW
Rzymski-2020-1647-1451	1451	720	GOOD LUCK	GOOD LUCK
Rzymski-2020-1647-1452	1452	721	LOW	LOW
Rzymski-2020-1647-1453	1453	722	ATTACK	ATTACK
Rzymski-2020-1647-1454	1454	723	PLACE (POSITION)	PLACE (POSITION)
Rzymski-2020-1647-1455	1455	724	READ	READ
Rzymski-2020-1647-1456	1456	727	WHICH	WHICH
Rzymski-2020-1647-1457	1457	728	FIRST	FIRST
Rzymski-2020-1647-1458	1458	729	DAWN	DAWN
Rzymski-2020-1647-1459	1459	73	BEAK	BEAK
Rzymski-2020-1647-1460	1460	730	SNAKE	SNAKE
Rzymski-2020-1647-1461	1461	731	BEVERAGE	BEVERAGE
Rzymski-2020-1647-1462	1462	733	EARN	EARN
Rzymski-2020-1647-1463	1463	734	MAKE	MAKE
Rzymski-2020-1647-1464	1464	736	YARD	YARD
Rzymski-2020-1647-1465	1465	737	LIGHT (IGNITE)	LIGHT (IGNITE)
Rzymski-2020-1647-1466	1466	738	THING	THING
Rzymski-2020-1647-1467	1467	739	FEED	FEED
Rzymski-2020-1647-1468	1468	740	SHIP	SHIP
Rzymski-2020-1647-1469	1469	741	DRIVE	DRIVE
Rzymski-2020-1647-1470	1470	742	END (OF SPACE)	END (OF SPACE)
Rzymski-2020-1647-1471	1471	743	END (OF TIME)	END (OF TIME)
Rzymski-2020-1647-1472	1472	744	EGG	EGG
Rzymski-2020-1647-1473	1473	745	SHELF	SHELF
Rzymski-2020-1647-1474	1474	746	SHOP	SHOP
Rzymski-2020-1647-1475	1475	748	SOW SEEDS	SOW SEEDS
Rzymski-2020-1647-1476	1476	749	ENTER	ENTER
Rzymski-2020-1647-1477	1477	750	DROP	DROP
Rzymski-2020-1647-1478	1478	752	STORE	STORE
Rzymski-2020-1647-1479	1479	753	PUPIL (STUDENT)	PUPIL (STUDENT)
Rzymski-2020-1647-1480	1480	754	HURRY	HURRY
Rzymski-2020-1647-1481	1481	755	DENY	DENY
Rzymski-2020-1647-1482	1482	757	BUTTON	BUTTON
Rzymski-2020-1647-1483	1483	759	SILVER	SILVER
Rzymski-2020-1647-1484	1484	76	YOUNG MAN	YOUNG MAN
Rzymski-2020-1647-1485	1485	760	KNOT	KNOT
Rzymski-2020-1647-1486	1486	761	COVER	COVER
Rzymski-2020-1647-1487	1487	762	OUTSIDE	OUTSIDE
Rzymski-2020-1647-1488	1488	763	SKIN	SKIN
Rzymski-2020-1647-1489	1489	765	MOVE	MOVE
Rzymski-2020-1647-1490	1490	767	CORPSE	CORPSE
Rzymski-2020-1647-1491	1491	768	LUNCH	LUNCH
Rzymski-2020-1647-1492	1492	769	ROOF	ROOF
Rzymski-2020-1647-1493	1493	77	YOUNG WOMAN	YOUNG WOMAN
Rzymski-2020-1647-1494	1494	770	EARRING	EARRING
Rzymski-2020-1647-1495	1495	772	BELT	BELT
Rzymski-2020-1647-1496	1496	773	HAVE	HAVE
Rzymski-2020-1647-1497	1497	777	FLUTE	FLUTE
Rzymski-2020-1647-1498	1498	778	SMOKE (EXHAUST)	SMOKE (EXHAUST)
Rzymski-2020-1647-1499	1499	779	PART	PART
Rzymski-2020-1647-1500	1500	78	THAT	THAT
Rzymski-2020-1647-1501	1501	781	FEAR (FRIGHT)	FEAR (FRIGHT)
Rzymski-2020-1647-1502	1502	782	DEFEAT	DEFEAT
Rzymski-2020-1647-1503	1503	783	VICTORY	VICTORY
Rzymski-2020-1647-1504	1504	784	SNOW	SNOW
Rzymski-2020-1647-1505	1505	785	STRONG	STRONG
Rzymski-2020-1647-1506	1506	786	SAILCLOTH	SAILCLOTH
Rzymski-2020-1647-1507	1507	787	SAIL	SAIL
Rzymski-2020-1647-1508	1508	789	PEOPLE	PEOPLE
Rzymski-2020-1647-1509	1509	790	READY	READY
Rzymski-2020-1647-1510	1510	791	STRANGER	STRANGER
Rzymski-2020-1647-1511	1511	792	BOIL (OF LIQUID)	BOIL (OF LIQUID)
Rzymski-2020-1647-1512	1512	793	BOIL (OF SKIN)	BOIL (OF SKIN)
Rzymski-2020-1647-1513	1513	794	PEN	PEN
Rzymski-2020-1647-1514	1514	796	NIPPLE	NIPPLE
Rzymski-2020-1647-1515	1515	797	TESTICLES	TESTICLES
Rzymski-2020-1647-1516	1516	798	JAW	JAW
Rzymski-2020-1647-1517	1517	799	WRIST	WRIST
Rzymski-2020-1647-1518	1518	8	CURSE	CURSE
Rzymski-2020-1647-1519	1519	80	DOORPOST	DOORPOST
Rzymski-2020-1647-1520	1520	800	THIGH	THIGH
Rzymski-2020-1647-1521	1521	801	RIB	RIB
Rzymski-2020-1647-1522	1522	803	ANKLE	ANKLE
Rzymski-2020-1647-1523	1523	804	WOMB	WOMB
Rzymski-2020-1647-1524	1524	805	SPINE	SPINE
Rzymski-2020-1647-1525	1525	806	BLANKET	BLANKET
Rzymski-2020-1647-1526	1526	81	FATHOM	FATHOM
Rzymski-2020-1647-1527	1527	811	SOUL	SOUL
Rzymski-2020-1647-1528	1528	812	SLAVE	SLAVE
Rzymski-2020-1647-1529	1529	813	DO	DO
Rzymski-2020-1647-1530	1530	814	DRESS UP	DRESS UP
Rzymski-2020-1647-1531	1531	815	GOVERNMENT	GOVERNMENT
Rzymski-2020-1647-1532	1532	816	HALF	HALF
Rzymski-2020-1647-1533	1533	817	THEY	THEY
Rzymski-2020-1647-1534	1534	818	WILLOW	WILLOW
Rzymski-2020-1647-1535	1535	819	STOMACH	STOMACH
Rzymski-2020-1647-1536	1536	82	ANGER	ANGER
Rzymski-2020-1647-1537	1537	820	LAMB	LAMB
Rzymski-2020-1647-1538	1538	827	ROLL	ROLL
Rzymski-2020-1647-1539	1539	829	RAFTER	RAFTER
Rzymski-2020-1647-1540	1540	83	FORBID	FORBID
Rzymski-2020-1647-1541	1541	832	BEAN	BEAN
Rzymski-2020-1647-1542	1542	834	BUTTOCKS	BUTTOCKS
Rzymski-2020-1647-1543	1543	837	BLUE	BLUE
Rzymski-2020-1647-1544	1544	838	REMAINS	REMAINS
Rzymski-2020-1647-1545	1545	843	SPIDER	SPIDER
Rzymski-2020-1647-1546	1546	845	MURDER	MURDER
Rzymski-2020-1647-1547	1547	847	THIRSTY	THIRSTY
Rzymski-2020-1647-1548	1548	848	THIRST	THIRST
Rzymski-2020-1647-1549	1549	849	SPRING (OF WATER)	SPRING (OF WATER)
Rzymski-2020-1647-1550	1550	85	GIVE BACK	GIVE BACK
Rzymski-2020-1647-1551	1551	851	STABLE	STABLE
Rzymski-2020-1647-1552	1552	854	KETTLE	KETTLE
Rzymski-2020-1647-1553	1553	855	SEIZE	SEIZE
Rzymski-2020-1647-1554	1554	857	STONE	STONE
Rzymski-2020-1647-1555	1555	858	STORM	STORM
Rzymski-2020-1647-1556	1556	859	STOVE	STOVE
Rzymski-2020-1647-1557	1557	860	CAUSE	CAUSE
Rzymski-2020-1647-1558	1558	861	JUDGE	JUDGE
Rzymski-2020-1647-1559	1559	862	SUGAR	SUGAR
Rzymski-2020-1647-1560	1560	863	EDGE	EDGE
Rzymski-2020-1647-1561	1561	864	PUMPKIN	PUMPKIN
Rzymski-2020-1647-1562	1562	870	BREATH	BREATH
Rzymski-2020-1647-1563	1563	874	CANDY	CANDY
Rzymski-2020-1647-1564	1564	876	ARCH	ARCH
Rzymski-2020-1647-1565	1565	877	MASON	MASON
Rzymski-2020-1647-1566	1566	878	HELL	HELL
Rzymski-2020-1647-1567	1567	879	COUGH	COUGH
Rzymski-2020-1647-1568	1568	88	BEEHIVE	BEEHIVE
Rzymski-2020-1647-1569	1569	883	TERMITE	TERMITE
Rzymski-2020-1647-1570	1570	884	SHARE	SHARE
Rzymski-2020-1647-1571	1571	887	BITTER	BITTER
Rzymski-2020-1647-1572	1572	889	FLAME	FLAME
Rzymski-2020-1647-1573	1573	89	NATIVE COUNTRY	NATIVE COUNTRY
Rzymski-2020-1647-1574	1574	890	MULE	MULE
Rzymski-2020-1647-1575	1575	891	TIDE	TIDE
Rzymski-2020-1647-1576	1576	892	TIME	TIME
Rzymski-2020-1647-1577	1577	895	TORTOISE	TORTOISE
Rzymski-2020-1647-1578	1578	897	SWALLOW	SWALLOW
Rzymski-2020-1647-1579	1579	899	PRESIDENT	PRESIDENT
Rzymski-2020-1647-1580	1580	9	ANNOUNCE	ANNOUNCE
Rzymski-2020-1647-1581	1581	90	INNOCENT	INNOCENT
Rzymski-2020-1647-1582	1582	901	ADOBE	ADOBE
Rzymski-2020-1647-1583	1583	902	ADULTERY	ADULTERY
Rzymski-2020-1647-1584	1584	904	BERRY	BERRY
Rzymski-2020-1647-1585	1585	906	TREE	TREE
Rzymski-2020-1647-1586	1586	907	OLD WOMAN	OLD WOMAN
Rzymski-2020-1647-1587	1587	910	DEATH	DEATH
Rzymski-2020-1647-1588	1588	911	TEMPLE	TEMPLE
Rzymski-2020-1647-1589	1589	913	CROW	CROW
Rzymski-2020-1647-1590	1590	914	SCULPTOR	SCULPTOR
Rzymski-2020-1647-1591	1591	917	ORNAMENT	ORNAMENT
Rzymski-2020-1647-1592	1592	919	CHILI PEPPER	CHILI PEPPER
Rzymski-2020-1647-1593	1593	92	SPOIL (SOMEBODY OR SOMETHING)	SPOIL (SOMEBODY OR SOMETHING)
Rzymski-2020-1647-1594	1594	920	GRAPE	GRAPE
Rzymski-2020-1647-1595	1595	921	VALLEY	VALLEY
Rzymski-2020-1647-1596	1596	923	LOVE	LOVE
Rzymski-2020-1647-1597	1597	924	VEGETABLES	VEGETABLES
Rzymski-2020-1647-1598	1598	925	CASSAVA	CASSAVA
Rzymski-2020-1647-1599	1599	926	RICE	RICE
Rzymski-2020-1647-1600	1600	928	EMBRACE	EMBRACE
Rzymski-2020-1647-1601	1601	93	DRAW MILK	DRAW MILK
Rzymski-2020-1647-1602	1602	930	VILLAGE	VILLAGE
Rzymski-2020-1647-1603	1603	932	BARLEY	BARLEY
Rzymski-2020-1647-1604	1604	933	WALL (OF HOUSE)	WALL (OF HOUSE)
Rzymski-2020-1647-1605	1605	934	BUFFALO	BUFFALO
Rzymski-2020-1647-1606	1606	935	WAR	WAR
Rzymski-2020-1647-1607	1607	936	STALLION	STALLION
Rzymski-2020-1647-1608	1608	937	BIRD	BIRD
Rzymski-2020-1647-1609	1609	938	MARE	MARE
Rzymski-2020-1647-1610	1610	941	MEAD	MEAD
Rzymski-2020-1647-1611	1611	942	HONEY	HONEY
Rzymski-2020-1647-1612	1612	943	WATERFALL	WATERFALL
Rzymski-2020-1647-1613	1613	945	SPEAR	SPEAR
Rzymski-2020-1647-1614	1614	946	BLOOD	BLOOD
Rzymski-2020-1647-1615	1615	947	STREAM	STREAM
Rzymski-2020-1647-1616	1616	948	WATER	WATER
Rzymski-2020-1647-1617	1617	95	SANDFLY	SANDFLY
Rzymski-2020-1647-1618	1618	951	WEAPONS	WEAPONS
Rzymski-2020-1647-1619	1619	952	WEATHER	WEATHER
Rzymski-2020-1647-1620	1620	953	RAPE	RAPE
Rzymski-2020-1647-1621	1621	954	WELL	WELL
Rzymski-2020-1647-1622	1622	956	FLEE	FLEE
Rzymski-2020-1647-1623	1623	957	WHALE	WHALE
Rzymski-2020-1647-1624	1624	96	CRAWL	CRAWL
Rzymski-2020-1647-1625	1625	960	WIND	WIND
Rzymski-2020-1647-1626	1626	962	WOMAN	WOMAN
Rzymski-2020-1647-1627	1627	963	BOOK	BOOK
Rzymski-2020-1647-1628	1628	964	WOOL	WOOL
Rzymski-2020-1647-1629	1629	965	WORLD	WORLD
Rzymski-2020-1647-1630	1630	968	ACORN	ACORN
Rzymski-2020-1647-1631	1631	969	CIGARETTE	CIGARETTE
Rzymski-2020-1647-1632	1632	972	BE ABLE	BE ABLE
Rzymski-2020-1647-1633	1633	974	TOBACCO	TOBACCO
Rzymski-2020-1647-1634	1634	977	ARROW	ARROW
Rzymski-2020-1647-1635	1635	978	WAVE	WAVE
Rzymski-2020-1647-1636	1636	98	ALL	ALL
Rzymski-2020-1647-1637	1637	980	HEEL	HEEL
Rzymski-2020-1647-1638	1638	981	ELBOW	ELBOW
Rzymski-2020-1647-1639	1639	983	CONVICT	CONVICT
Rzymski-2020-1647-1640	1640	984	WORK (LABOUR)	WORK (LABOUR)
Rzymski-2020-1647-1641	1641	987	REMAIN	REMAIN
Rzymski-2020-1647-1642	1642	988	ACQUIT	ACQUIT
Rzymski-2020-1647-1643	1643	989	CLEAR	CLEAR
Rzymski-2020-1647-1644	1644	991	FRY	FRY
Rzymski-2020-1647-1645	1645	994	BOW	BOW
Rzymski-2020-1647-1646	1646	996	DEAF	DEAF
Rzymski-2020-1647-1647	1647	998	PUT	PUT